position	start	score	variants_scored	abundance_class	xca	yca	zca	abs_tco	kappa	alpha	phi	psi	rsa	hbond_sum	helix	sheet	bfactor	sc_xca	sc_yca	sc_zca	schbond_unique_partners	schbond_partner_seq_dist	saltbridge_unique_partners	saltbridge_partner_seq_dist	crowding	substr_dist	hydro1	vol1	polarity1	weight1	AA1_psic	cosmic_count
1	M	1.06514337490303	1	NA	NA	NA	NA	NA	NA	NA	NA	NA	NA	NA	NA	NA	NA	NA	NA	NA	0	0	0	0	NA	NA	1.9	203	5.7	149	-1.475	5
2	T	0.872829759842977	9	NA	NA	NA	NA	NA	NA	NA	NA	NA	NA	NA	NA	NA	NA	NA	NA	NA	0	0	0	0	NA	NA	-0.7	163	8.6	119	-1.851	1
3	A	1.01743303014216	3	NA	NA	NA	NA	NA	NA	NA	NA	NA	NA	NA	NA	NA	NA	NA	NA	NA	0	0	0	0	NA	NA	1.8	121	8.1	89	-2.281	3
4	I	1.06295366533306	4	NA	NA	NA	NA	NA	NA	NA	NA	NA	NA	NA	NA	NA	NA	NA	NA	NA	0	0	0	0	NA	NA	4.5	191	5.2	131	-2.563	NA
5	I	1.17585040148735	7	NA	NA	NA	NA	NA	NA	NA	NA	NA	NA	NA	NA	NA	NA	NA	NA	NA	0	0	0	0	NA	NA	4.5	191	5.2	131	-1.734	2
6	K	0.922252340122083	6	NA	NA	NA	NA	NA	NA	NA	NA	NA	NA	NA	NA	NA	NA	NA	NA	NA	0	0	0	0	NA	NA	-3.9	230	11.3	146	-1.397	8
7	E	0.595661610529461	12	intolerant	NA	NA	NA	NA	NA	NA	NA	NA	NA	NA	NA	NA	NA	NA	NA	NA	0	0	0	0	NA	NA	-3.5	214	12.3	147	-2.497	3
8	I	NA	NA	NA	NA	NA	NA	NA	NA	NA	NA	NA	NA	NA	NA	NA	NA	NA	NA	NA	0	0	0	0	NA	NA	4.5	191	5.2	131	-2.207	1
9	V	1.1325542563515	17	enhanced	NA	NA	NA	NA	NA	NA	NA	NA	NA	NA	NA	NA	NA	NA	NA	NA	0	0	0	0	NA	NA	4.2	165	5.9	117	-0.993	NA
10	S	0.936727517123373	11	NA	NA	NA	NA	NA	NA	NA	NA	NA	NA	NA	NA	NA	NA	NA	NA	NA	0	0	0	0	NA	NA	-0.8	143	9.2	105	-0.988	6
11	R	1.06134886248058	18	enhanced	NA	NA	NA	NA	NA	NA	NA	NA	NA	NA	NA	NA	NA	NA	NA	NA	0	0	0	0	NA	NA	-4.5	265	10.5	174	-2.365	2
12	N	0.865024486085995	16	NA	NA	NA	NA	NA	NA	NA	NA	NA	NA	NA	NA	NA	NA	NA	NA	NA	0	0	0	0	NA	NA	-3.5	187	11.6	132	-1.733	NA
13	K	1.02340092402247	12	enhanced	NA	NA	NA	NA	NA	NA	NA	NA	NA	NA	NA	NA	NA	NA	NA	NA	0	0	0	0	NA	NA	-3.9	230	11.3	146	-1.115	6
14	R	1.02261255488007	14	enhanced	21.7	100.1	31.8	0	360	360	360	-19.4	90.188679245283	-0.4	0	0	90.39	18.0105	103.657	36.3895	0	0	0	0	5	19.4843151755457	-4.5	265	10.5	174	-1.782	7
15	R	1.03418924988478	18	enhanced	24.8	101.4	30.1	0.395	360	153.9	-104.2	-173.9	44.1509433962264	-1.4	0	0	88.68	28.5365	105.171	33.2525	0	0	0	0	6	17.8806459016446	-4.5	265	10.5	174	-0.883	15
16	Y	0.907888425113563	13	NA	26.2	99.9	26.9	0.217	63.1	16.2	171.1	-21.7	40.7843137254902	-0.7	0	0	79.73	24.12	94.494	23.819	0	0	0	0	5	15.2144036314277	-1.3	255	6.2	181	-1.511	2
17	Q	0.899365995549952	19	NA	28.2	102.6	25.1	0.848	67.6	-112.7	-175.9	137	35.981308411215	-0.9	0	0	66.47	28.341	102.401	20.583	0	0	0	0	6	16.4092442805877	-3.5	214	10.5	146	-2.139	2
18	E	0.902502145909876	16	NA	29.8	106	25.5	0.585	31.9	178	-72.1	118.5	16.3551401869159	-4.5	0	0	63.19	31.3485	108.9435	26.9615	1	2	1	42	6	19.0461811883642	-3.5	214	12.3	147	-2.095	NA
19	D	0.815243805790965	18	NA	27.9	108.6	23.4	0.142	57.9	92.6	-120.9	40.7	54.5454545454545	-0.9	0	0	66.95	26.282	106.427	22.04	1	3	0	0	5	22.1492644993011	-3.5	187	13	133	-1.603	2
20	G	0.860477205927512	18	NA	29.6	111.9	24.1	0.677	126.1	-3	-89.7	-29.2	64.9484536082474	-0.3	0	0	69.94	NA	NA	NA	0	0	0	0	3	24.8191143649406	-9.4	97	9	75	-1.28	6
21	F	0.900873552968192	16	NA	31.4	110.7	21	0.356	109.4	-98.9	-117.1	-105.4	36.8421052631579	-0.3	0	0	67.95	NA	NA	NA	0	0	0	0	4	23.6190448126083	2.8	228	5.2	165	-1.391	1
22	D	0.811691552995386	16	NA	30.2	107.2	20	0.012	62.8	144	173.6	61.3	55.6149732620321	-0.7	0	0	61.8	27.9565	106.114	18.253	1	3	0	0	5	20.7004303786177	-3.5	187	13	133	-1.171	2
23	L	0.68564188226397	16	intolerant	32.6	104.5	21.3	0.862	55.5	-114.6	-117.3	148.8	5.23560209424084	-5.7	0	0	53.8	NA	NA	NA	0	0	0	0	5	17.3648299116346	3.8	191	4.9	131	-0.689	4
24	D	0.63753734453381	10	intolerant	32	101	22.7	0.536	75.6	105.4	-80.3	79.4	18.1818181818182	-2.4	0	0	46.47	31.7735	97.91	22.911	0	0	1	135	5	13.8319274817359	-3.5	187	13	133	-0.749	26
25	L	0.552510144905389	17	intolerant	33.3	101.5	26.2	0.983	47.4	-158.4	-152.9	155.4	0.523560209424084	-3.1	0	1	40.35	NA	NA	NA	0	0	0	0	8	13.9560831847621	3.8	191	4.9	131	-0.955	5
26	T	0.64805008307473	14	intolerant	31.7	101.9	29.7	0.965	19.9	-131.3	-146.3	125.2	1.22699386503067	-7.5	0	1	38.08	30.054	100.449	28.58	1	133	0	0	7	15.3329950714138	-0.7	163	8.6	119	-1.381	3
27	Y	0.388064527596107	8	intolerant	32.9	103.4	33	0.634	19.7	-177.1	-73.7	116.7	13.7254901960784	-1	0	1	37.29	35.747	108.588	30.44	0	0	0	0	7	17.7545137320063	-1.3	255	6.2	181	-0.998	12
28	I	0.279772324419931	13	intolerant	32.1	100.6	35.6	0.765	82.2	-0.8	-80.7	-30.1	4.18848167539267	-3.8	0	1	36.82	NA	NA	NA	0	0	0	0	6	16.9667474154594	4.5	191	5.2	131	-1.075	3
29	Y	0.825138611794961	15	NA	33.3	103.2	38.1	0.927	91.2	-95.6	-147.6	162.4	15.6862745098039	-3.5	0	1	42.15	31.552	98.76	42.521	0	0	0	0	6	20.3768083334952	-1.3	255	6.2	181	-2.569	1
30	P	0.545779530579021	19	NA	34.7	106.7	37.6	0.867	128.7	33.8	-53.7	-34.8	68.1818181818182	0	0	0	46.53	NA	NA	NA	0	0	0	0	5	22.801064401909	-1.6	154	8	115	-1.935	1
31	N	0.525054315666559	17	intolerant	38.2	105.2	37.6	0.448	111.5	69.1	-100.9	0.6	28.3422459893048	-3.4	0	0	39.87	38.3215	104.1325	40.4925	0	0	0	0	5	21.7851265284368	-3.5	187	11.6	132	-1.715	2
32	I	NA	NA	NA	37.5	101.9	36	0.954	60.2	-175.8	-125.8	114.2	2.61780104712042	-6	0	1	35.4	NA	NA	NA	0	0	0	0	9	18.1221449574823	4.5	191	5.2	131	-1.309	1
33	I	NA	NA	NA	36.5	101.7	32.3	0.91	11.8	-157.8	-111.6	134.1	0	-7.6	0	1	29.86	NA	NA	NA	0	0	0	0	8	15.8467857264494	4.5	191	5.2	131	-1.108	3
34	A	NA	NA	NA	35.5	98.5	30.4	0.941	29.1	163.4	-109.4	125.5	0	-7.2	0	1	39.49	NA	NA	NA	0	0	0	0	8	12.0771957779942	1.8	121	8.1	89	-0.972	2
35	M	0.533922595389126	15	intolerant	36	98.8	26.6	0.802	34.8	-106.7	-137.1	178	0	-4.3	0	1	43.82	NA	NA	NA	0	0	0	0	6	11.238292479732	1.9	203	5.7	149	-1.145	12
36	G	0.756337236948117	13	NA	36.3	97	23.3	0.352	61.2	-60.3	-95.2	-178.7	1.03092783505155	-2.2	0	0	43.61	NA	NA	NA	0	0	0	0	9	9.5104194365969	-9.4	97	9	75	-1.204	18
37	F	0.853570801129587	15	NA	39.4	96.5	21.2	0.468	41.4	-134.3	-69.7	121.4	3.50877192982456	-5.6	0	0	46.46	NA	NA	NA	0	0	0	0	6	10.4825969043935	2.8	228	5.2	165	-1.267	2
38	P	0.79618040024161	15	NA	41.1	99.7	20	0.566	37	-155.7	-74.6	86	0	-0.4	0	0	49.74	NA	NA	NA	0	0	0	0	6	14.2949060108837	-1.6	154	8	115	-0.666	18
39	A	0.818996305058285	11	NA	41.5	98.4	16.5	0.475	25.3	-160	-75.2	133.6	0.826446280991736	-6	0	0	61.27	NA	NA	NA	0	0	0	0	9	15.0641308365269	1.8	121	8.1	89	-1.194	3
40	E	0.806258656663106	13	NA	44.2	99.8	14.2	0.909	98.5	15.9	-72.7	-45.1	46.7289719626168	-0.9	0	0	82.42	48.272	98.162	15.1445	0	0	0	0	4	18.5718307622054	-3.5	214	12.3	147	-1.959	NA
41	R	NA	NA	NA	42.2	98.5	11.2	0.7	94	-145	-130.9	78.8	75.0943396226415	-0.6	0	0	98.98	42.487	95.2135	5.1945	0	0	0	0	4	18.8806111622479	-4.5	265	10.5	174	-2.476	NA
42	L	NA	NA	NA	38.7	97.7	12.3	0.106	33.5	145.5	-42.4	154.2	37.17277486911	-1.1	0	0	4.1	NA	NA	NA	0	0	0	0	6	16.5333655938529	3.8	191	4.9	131	-2.013	10
43	E	0.884248974686968	14	enhanced	36.9	94.8	10.8	0.854	53.4	-8.2	174.1	153	58.8785046728972	-3.5	0	0	4.19	39.112	92.172	7.9935	0	0	0	0	4	15.9511152544266	-3.5	214	12.3	147	-1.388	1
44	G	0.792800531101571	13	NA	34.4	92.1	11.7	0.273	137.9	3	52.4	-107.2	69.0721649484536	-0.5	0	0	97.3	NA	NA	NA	0	0	0	0	4	14.00143127898	-9.4	97	9	75	-1.82	4
45	V	1.01507599873509	18	enhanced	33.9	92.3	15.5	0.699	114.2	100.5	-81.1	-20.8	53.3333333333333	-0.8	0	0	90.96	NA	NA	NA	0	0	0	0	3	10.5978402450688	4.2	165	5.9	117	-2.065	3
46	Y	0.932644242260109	15	NA	36.2	95.3	15.6	0.445	33.7	147.1	-69.8	134.9	10.5882352941176	-3.5	0	0	84.3	41.248	91.484	17.003	0	0	0	0	6	12.1110973020614	-1.3	255	6.2	181	-1.1	8
47	R	1.02027830397299	14	enhanced	34.5	98.6	15.9	0.614	39.3	88.6	-134.5	-45	72.8301886792453	-1.1	0	0	75.95	29.364	97.165	12.861	0	0	0	0	4	14.1866626752031	-4.5	265	10.5	174	-0.952	5
48	N	0.852789689091948	6	NA	36.5	101.2	17.9	0.486	67.5	-135.9	-69.8	126.4	3.74331550802139	-2.5	0	0	68.17	35.108	100.986	20.667	1	24	0	0	5	15.293261191126	-3.5	187	11.6	132	-0.843	7
49	N	0.931248891450545	18	NA	39	103.3	16	0.712	12	-137.6	-82.5	126	35.8288770053476	-2.8	0	0	69.63	37.505	104.1285	13.427	0	0	0	0	7	18.4026356226493	-3.5	187	11.6	132	-2.199	2
50	I	0.749030115208406	14	NA	42.3	103.4	18	0.784	100.9	58.4	-55.8	-29.1	1.57068062827225	-4.1	1	0	62.98	NA	NA	NA	0	0	0	0	8	18.6134380988575	4.5	191	5.2	131	-1.734	NA
51	D	0.705036593621997	12	NA	42.6	107.2	17.2	0.917	105.1	47.6	-68	-44	37.9679144385027	-3.5	1	0	61.85	44.0585	107.034	14.5535	0	0	2	29	6	22.2781412568464	-3.5	187	13	133	-2.192	NA
52	D	0.742081471209763	15	NA	39.3	108.1	18.8	0.868	109.7	52.9	-64.5	-39.3	28.8770053475936	-4.7	1	0	64.43	37.535	108.2285	16.2355	0	0	1	3	8	21.7093854786357	-3.5	187	13	133	-1.565	2
53	V	0.469903424082519	17	intolerant	40	106.1	21.9	0.89	110.7	48.4	-62.9	-40.3	0	-5.2	1	0	57.3	NA	NA	NA	0	0	0	0	8	19.2723635774131	4.2	165	5.9	117	-1.001	1
54	V	0.747558725639434	19	NA	43.3	108	22.2	0.979	113.1	46.5	-63.5	-54.9	11.5151515151515	-5.3	1	0	57.28	NA	NA	NA	0	0	0	0	8	22.0528582696212	4.2	165	5.9	117	-2.054	1
55	R	0.719622365389764	16	NA	41.5	111.3	21.7	0.943	114.9	49.2	-48.3	-54.6	53.5849056603774	-6.9	1	0	59.32	41.85	111.511	15.77	1	4	2	4	8	24.6549779529409	-4.5	265	10.5	174	-1.843	4
56	F	0.541858507579496	16	intolerant	38.9	110.2	24.2	0.922	114.6	41.7	-49.9	-58.3	0	-6.2	1	0	51.81	NA	NA	NA	0	0	0	0	8	22.8158128906248	2.8	228	5.2	165	-1.36	3
57	L	0.239096771141433	15	intolerant	41.3	109.1	26.9	0.882	119.2	45.5	-61.6	-40.8	0	-5.3	1	0	51.41	NA	NA	NA	0	0	0	0	9	22.3464166671079	3.8	191	4.9	131	-1.137	7
58	D	0.527338225152242	14	intolerant	43.6	112.1	26.4	0.885	113.4	48.7	-70.8	-40.5	27.2727272727273	-3.8	1	0	59.19	45.9435	110.972	24.8095	0	0	0	0	9	25.8607980901595	-3.5	187	13	133	-1.861	2
59	S	0.909290976335677	16	NA	40.8	114.7	26.2	0.811	126.2	27.5	-70.9	-30.8	55.9440559440559	-4.2	1	0	61.92	38.812	113.687	25.21	1	3	0	0	7	27.605920340753	-0.8	143	9.2	105	-2.259	2
60	K	0.657090771227345	13	intolerant	39.1	113.4	29.4	0.59	134.3	31.7	-105.4	-14.4	41.7391304347826	-2.7	1	0	62.12	33.291	111.792	27.511	0	0	1	42	5	26.3667517502631	-3.9	230	11.3	146	-1.666	1
61	H	0.379572089456969	19	intolerant	42.2	112	31.1	0.701	70	-170.3	-146	88.2	11.1111111111111	-2.7	0	0	61.06	39.178	109.8015	32.058	0	0	0	0	7	26.0296764839673	-3.2	216	10.4	155	-0.901	19
62	K	0.871628717307434	17	NA	45.4	113.9	30.3	0.919	78.4	-21.8	-40.3	-90.3	64.3478260869565	-0.8	0	0	66.87	44.766	119.069	29.855	0	0	0	0	5	28.6342857054266	-3.9	230	11.3	146	-2.121	3
63	N	0.682068800841588	13	NA	48.3	111.8	31.7	0.44	116.8	92.3	-126.8	55.8	51.8716577540107	-0.4	0	0	60.77	50.131	113.52	29.948	1	19	0	0	4	28.2724544010597	-3.5	187	11.6	132	-1.915	1
64	H	0.800624358529984	15	NA	46.3	109.7	34.2	0.009	62.7	94.9	-137.4	27.1	30.0925925925926	-2.6	0	0	56.8	46.289	113.4485	35.0445	1	1	0	0	7	26.3375841310474	-3.2	216	10.4	155	-1.718	NA
65	Y	0.565155761575472	16	intolerant	45.3	106.6	32.4	0.969	42.9	-172.5	-130.7	144.4	1.17647058823529	-1.2	0	1	50.5	46.528	107.942	26.095	0	0	0	0	6	22.7074357394224	-1.3	255	6.2	181	-1.055	3
66	K	0.457593495216557	16	intolerant	46.7	103.1	31.9	0.997	16.5	-142.3	-131.7	134.3	10.8695652173913	-4.2	0	1	42.21	50.345	99.256	35.429	0	0	1	41	6	20.4698817255987	-3.9	230	11.3	146	-1.722	8
67	I	0.297774983614283	18	intolerant	45.4	100.4	29.5	0.719	5.1	-158.4	-100.4	147.9	0	-5.2	0	1	37.68	NA	NA	NA	0	0	0	0	7	16.9502465427498	4.5	191	5.2	131	-1.387	8
68	Y	0.21896665988801	16	intolerant	45.2	96.6	30.2	0.972	6.7	-158.9	-124.3	113.5	0	-5.4	0	1	30.8	46.877	98.509	36.117	1	39	0	0	7	14.4253186398083	-1.3	255	6.2	181	-1.381	23
69	N	0.817625369930759	14	NA	45	94.3	27.1	0.854	15.3	175.9	-98.5	116.2	0.53475935828877	-5.7	0	1	25.52	45.471	93.248	24.186	1	2	0	0	6	12.0726433667197	-3.5	187	11.6	132	-0.945	NA
70	L	NA	NA	NA	43.5	90.9	27.8	0.303	42.3	123.3	-96.3	3.7	0	-5.9	0	1	24.49	NA	NA	NA	0	0	0	0	6	9.41070124167164	3.8	191	4.9	131	-1.011	5
71	C	0.706033020882587	4	NA	43.8	89.9	24.2	0.598	33.1	175.2	-76	103.1	2.7027027027027	-0.7	0	1	37.7	NA	NA	NA	0	0	0	0	7	8.99792853161215	2.5	148	5.5	121	-1.189	6
72	A	0.774668647820347	19	NA	45.8	86.7	23.7	0.866	78.2	54.6	-69.4	-35.4	30.5785123966942	-2.5	0	0	53.63	NA	NA	NA	0	0	0	0	6	10.817792651923	1.8	121	8.1	89	-2.319	1
73	E	0.641547223923506	17	intolerant	44.8	87	20	0.832	110.4	6.5	-63	-116.1	37.3831775700935	-0.4	0	0	69.26	41.344	87.4425	17.254	0	0	2	52	4	10.9209806272148	-3.5	214	12.3	147	-1.059	1
74	R	1.03681904855797	11	enhanced	45.6	90.2	18.1	0.065	64.2	-173.7	-65.7	176.9	51.3207547169811	-0.3	0	0	77.48	42.396	88.685	13.334	0	0	1	1	3	12.7909365513241	-4.5	265	10.5	174	-1.475	3
75	H	1.0023068552835	13	enhanced	47.5	93.2	19.3	0.967	13	-138.6	-163.7	172.2	32.4074074074074	-0.4	0	0	78.94	49.8195	94.4495	22.009	2	12	0	0	3	14.6947241505242	-3.2	216	10.4	155	-2.986	1
76	Y	0.825326416417641	17	NA	48.5	96.8	18.4	0.969	34.2	-98.1	-141.4	153.4	1.56862745098039	-1.4	0	0	69.01	45.575	97.976	23.951	1	47	0	0	4	17.4700795035398	-1.3	255	6.2	181	-0.735	NA
77	D	0.672073166947379	17	intolerant	51.7	98.9	18.7	0.655	34.9	-139.8	-76.1	106.8	67.9144385026738	-4.1	0	0	69.11	53.309	97.794	16.3245	0	0	0	0	4	20.9731575557902	-3.5	187	13	133	-1.47	NA
78	T	1.00518706428623	6	NA	51	100.9	21.8	0.074	73.6	111.5	-58.5	30.4	35.5828220858896	-1.6	0	0	71.59	52.679	100.181	23.395	0	0	0	0	6	20.8938890075543	-0.7	163	8.6	119	-2.608	2
79	A	0.907790733735187	18	NA	52.5	103.9	20.2	0.974	70.2	55.3	-68.9	-56	66.1157024793389	-3.3	0	0	69.45	NA	NA	NA	0	0	0	0	5	24.2347968396684	1.8	121	8.1	89	-2.334	4
80	K	0.84962684086893	18	NA	49.1	105.8	19.9	0.71	94.1	81.2	-49.8	-27.1	42.1739130434783	-2	0	0	68.58	47.576	104.862	14.82	0	0	1	29	4	23.4238288471377	-3.9	230	11.3	146	-1.868	2
81	F	0.705558745341364	15	NA	48.6	105.4	23.7	0.767	68.7	-154.9	-91.6	114.1	2.19298245614035	-2.7	0	0	70.88	NA	NA	NA	0	0	0	0	6	22.2815676706106	2.8	228	5.2	165	-0.947	5
82	N	1.21823231797355	3	NA	50.5	108	25.7	0.316	73	58.9	-79.9	56.5	51.3368983957219	-1.4	0	0	78.28	51.707	110.627	26.7225	1	19	0	0	3	25.4747309673724	-3.5	187	11.6	132	-2.197	2
83	C	0.622499164294613	2	NA	50.5	105.7	28.7	0.865	98.2	-65.3	-159.3	-168.6	25	-3.2	0	0	72.71	NA	NA	NA	0	0	0	0	5	23.9639708283081	2.5	148	5.5	121	-3.103	NA
84	R	0.984445979801311	6	NA	51.6	102.3	29.9	0.75	38.7	-156.3	-93.1	141.1	58.4905660377358	-3.3	0	0	64.42	54.59	97.1265	30.325	1	1	0	0	4	22.5606816798607	-4.5	265	10.5	174	-1.697	1
85	V	0.572277520597181	13	intolerant	49.8	99.3	28.3	0.831	10.5	-160.7	-122.3	93.8	4.24242424242424	-1	0	1	51.19	NA	NA	NA	0	0	0	0	5	19.0039205918147	4.2	165	5.9	117	-1.218	8
86	A	0.834743163002742	6	NA	49.9	96.2	30.5	0.517	7.9	-141.6	-77.5	136.7	4.95867768595041	-5.9	0	1	35.69	NA	NA	NA	0	0	0	0	4	17.9258940602694	1.8	121	8.1	89	-2.062	4
87	Q	0.904256867854281	13	NA	49.4	92.8	29	0.873	33.8	156.2	-106.1	122.4	50	-0.6	0	1	30.45	51.856	93.083	25.3465	1	12	0	0	6	15.6953183421044	-3.5	214	10.5	146	-2.944	1
88	Y	0.287468932176427	8	intolerant	47.4	90.1	30.8	0.594	29.2	-176.2	-135.5	65.8	13.7254901960784	-3	0	1	22.31	49.793	92.896	36.117	0	0	0	0	4	13.8100614719848	-1.3	255	6.2	181	-1.703	15
89	P	0.835815422363613	15	NA	46.3	87.9	27.7	0.405	11.8	158	-73.4	143.1	42.8571428571429	-0.5	0	1	23.67	NA	NA	NA	0	0	0	0	7	11.5214850544537	-1.6	154	8	115	-1.734	NA
90	F	0.821822881665912	16	NA	44.1	84.9	27.8	0.961	43	-66.4	-154.5	164.5	5.26315789473684	-3.6	0	1	21.14	NA	NA	NA	0	0	0	0	5	9.83755954797734	2.8	228	5.2	165	-1.505	3
91	E	0.844324386521269	17	NA	41.8	82.9	25.4	0.277	51.4	-96.8	-67.2	140	39.2523364485981	-3.4	0	0	31.34	44.4615	81.572	23.6355	0	0	0	0	5	8.25670381326592	-3.5	214	12.3	147	-1.998	4
92	D	0.896673232982054	15	NA	38.6	84.1	23.6	0.191	109.6	-0.7	-49.7	119.7	31.5508021390374	-0.5	0	0	29.16	36.715	85.116	21.464	0	0	1	33	4	5.21322528383342	-3.5	187	13	133	-0.748	27
93	H	0.880861819323006	12	NA	35.7	82.8	25.7	0.626	112.4	108	70.8	11.7	51.3888888888889	-0.7	0	0	23.97	33.8315	83.769	22.452	0	0	0	0	3	5.00335865794169	-3.2	216	10.4	155	-1	19
94	N	0.906609527053843	14	NA	37.9	81	28.3	0.766	73.3	-109.6	-114	165.1	14.9732620320856	-3.1	0	0	22.36	39.0785	78.941	26.332	1	2	0	0	5	7.99588380730986	-3.5	187	11.6	132	-1.482	3
95	P	0.459687265009039	14	intolerant	38.7	81.9	31.9	0.443	41.3	-108.1	-83.9	165	5.19480519480519	-0.4	0	0	21.73	NA	NA	NA	0	0	0	0	5	9.72843141827088	-1.6	154	8	115	-1.593	10
96	P	0.48163979406367	3	NA	42.2	83.1	32.5	0.451	46	-78.4	-86.3	172.2	1.94805194805195	-0.2	0	0	21.36	NA	NA	NA	0	0	0	0	4	11.3224943303143	-1.6	154	8	115	-0.84	13
97	Q	0.838826395967842	2	NA	44.8	81	34.4	0.475	45.3	-120	-64.8	140.6	54.2056074766355	-2.8	0	0	19.79	48.661	80.2165	32.2575	0	0	0	0	5	15.0941544267971	-3.5	214	10.5	146	-2.613	NA
98	L	0.210472803643321	9	intolerant	44	81.2	38.1	0.905	111	55.7	-50	-48.8	2.61780104712042	-2.3	1	0	19.02	NA	NA	NA	0	0	0	0	5	17.1384648629917	3.8	191	4.9	131	-1.311	1
99	E	NA	NA	NA	47.4	82.7	39	0.536	93.6	71.1	-67.5	-3.5	57.0093457943925	-0.8	1	0	22.73	50.7195	80.0415	40.2585	0	0	0	0	5	19.3105794283859	-3.5	214	12.3	147	-1.958	1
100	L	0.100788344822993	1	NA	46.8	85.5	36.6	0.848	90	63.7	-76.8	-33.5	21.9895287958115	-3.8	1	0	23.63	NA	NA	NA	0	0	0	0	5	16.6347959969457	3.8	191	4.9	131	-1.796	NA
101	I	NA	NA	NA	44.2	87.1	38.8	0.927	95.7	48	-60.3	-61.2	0	-4.4	1	0	20.33	NA	NA	NA	0	0	0	0	7	16.5563956784078	4.5	191	5.2	131	-1.613	13
102	K	0.889900833093857	1	NA	45.9	88.1	42	0.944	113.9	46.4	-52.5	-55.5	40.8695652173913	-2.9	1	0	25.31	48.017	88.699	47.073	0	0	1	4	5	20.1591452661069	-3.9	230	11.3	146	-2.533	NA
103	P	0.707481401407847	6	NA	48.9	89.8	40.4	0.899	111.7	53.7	-56.7	-35.4	36.3636363636364	-2.5	1	0	28.52	NA	NA	NA	0	0	0	0	6	20.7952734499934	-1.6	154	8	115	-2.341	2
104	F	0.281572696373647	14	intolerant	46.4	91.6	38	0.91	108.1	50.3	-61.3	-44	0	-4.5	1	0	27.71	NA	NA	NA	0	0	0	0	7	17.6693276006757	2.8	228	5.2	165	-1.372	1
105	C	0.175274777987413	10	intolerant	44.4	92.9	41	0.826	111.2	46.8	-63.8	-36	0	-4.8	1	0	30.76	NA	NA	NA	0	0	0	0	9	19.2340676368781	2.5	148	5.5	121	-1.497	23
106	E	0.727250819895505	17	NA	47.5	94.3	42.8	0.897	111.9	52.1	-73.8	-39.3	40.6542056074766	-4.3	1	0	31.48	49.477	91.053	45.1115	0	0	1	4	8	22.684277768093	-3.5	214	12.3	147	-2.182	2
107	D	0.267447089159155	13	intolerant	48.7	95.9	39.6	0.977	114.5	40.8	-57.6	-59.8	18.716577540107	-5.2	1	0	32.88	49.554	96.389	36.718	1	39	1	41	7	21.5771781718556	-3.5	187	13	133	-1.822	12
108	L	0.231342550266267	16	intolerant	45.3	97.7	39	0.905	116.4	49.8	-56.6	-45.8	0	-5.6	1	0	38.67	NA	NA	NA	0	0	0	0	7	20.005376723771	3.8	191	4.9	131	-2.153	6
109	D	0.720275540055482	11	NA	45	98.5	42.7	0.781	108	56.3	-66	-26.6	25.668449197861	-3.6	1	0	43.65	44.438	98.3395	45.7205	0	0	0	0	9	22.9837794511695	-3.5	187	13	133	-2.194	3
110	Q	0.850675935275236	9	NA	48.5	99.9	42.6	0.979	111.7	40.1	-66.2	-56.9	46.2616822429907	-3.6	1	0	52.4	51.5715	100.445	44.0075	0	0	0	0	8	25.2662671928403	-3.5	214	10.5	146	-2.53	1
111	W	0.131891327935185	5	intolerant	47.8	102.3	39.8	0.841	115.5	50.4	-61.2	-40.2	7.1969696969697	-3.9	0	0	48.34	45.952	104.306	36.145	1	8	0	0	10	24.362438257695	-0.9	264	5.4	204	-1.292	3
112	L	0.17450842837844	13	intolerant	44.4	103.4	41.1	0.726	93.2	75.1	-73.6	-22.2	7.85340314136126	-3.5	0	0	53.77	NA	NA	NA	0	0	0	0	7	24.3370577075373	3.8	191	4.9	131	-1.26	12
113	S	NA	NA	NA	45.8	104	44.6	0.043	120.6	-104.3	-80.9	36.8	46.1538461538462	-1.8	0	0	66.2	47.597	102.353	44.925	2	4	0	0	7	27.6506444384213	-0.8	143	9.2	105	-2.266	1
114	E	0.714662541609877	13	NA	47.3	107.2	43.1	0.847	81.4	138	42.7	45.6	55.1401869158878	-1.6	0	0	78.32	44.777	109.4585	41.8705	0	0	0	0	8	29.2700720508167	-3.5	214	12.3	147	-2.022	NA
115	D	0.496140922329684	12	intolerant	50.7	105.6	43	0.742	96.9	-17	-84.6	-25.8	31.0160427807487	-1.5	0	0	87.92	50.8835	103.235	40.992	1	1	0	0	5	29.7961453523774	-3.5	187	13	133	-1.28	1
116	D	0.997832816357648	8	NA	51.1	107.1	39.5	0.414	131.5	-27.4	-141.7	-47.8	55.0802139037433	-1.5	0	0	91.05	53.3275	105.11	38.9655	1	1	0	0	5	29.024959911428	-3.5	187	13	133	-2.574	1
117	N	0.93475824553961	13	NA	47.6	108.1	38.4	0.692	54.3	-113.1	-153.3	-154.8	18.1818181818182	-2.1	0	0	83.56	49.1045	109.406	36.0405	1	54	0	0	6	27.4184769427479	-3.5	187	11.6	132	-2.607	1
118	H	0.317851625061332	8	intolerant	44	107.2	38.8	0.356	71	72.8	-146.9	16.8	29.6296296296296	-1.5	0	0	66.94	42.736	110.652	38.13	0	0	0	0	6	25.4910105303811	-3.2	216	10.4	155	-1.833	4
119	V	0.350237793580899	12	intolerant	42.1	105.7	35.8	0.997	46.6	-167.6	-138.2	141.3	3.03030303030303	-3.4	0	1	52.9	NA	NA	NA	0	0	0	0	6	22.1239937140653	4.2	165	5.9	117	-1.117	3
120	A	0.390049421702894	8	intolerant	42.1	102.3	34	0.978	9.5	-162.7	-133	131.8	0	-7.4	0	1	40.22	NA	NA	NA	0	0	0	0	8	18.5207283296311	1.8	121	8.1	89	-1.607	2
121	A	0.60930606829877	14	NA	40.7	101.1	30.7	0.917	14.3	-170.5	-111.8	107.9	1.65289256198347	-4.7	0	1	32.68	NA	NA	NA	0	0	0	0	6	15.5941853862265	1.8	121	8.1	89	-1.291	8
122	I	0.249643954007888	15	intolerant	40.5	97.3	30.5	0.809	14.1	169.1	-98	136.4	0	-6.7	0	1	33.88	NA	NA	NA	0	0	0	0	6	12.3064494416546	4.5	191	5.2	131	-1.352	4
123	H	0.978706832857341	8	NA	39.7	95.7	27.2	0.99	22.5	169.5	-148.5	157	0	-5.4	0	1	28.47	42.3965	95.9175	24.675	2	47	0	0	9	9.47601487229733	-3.2	216	10.4	155	-0.884	12
124	C	0.51565410455757	15	intolerant	39.5	92.5	25.3	0.048	67.4	-56.2	-129.3	-126.3	2.7027027027027	-1.4	0	0	34.28	NA	NA	NA	0	0	0	0	9	6.50408624327815	2.5	148	5.5	121	-0.844	18
125	K	0.961693539582375	12	NA	37.9	92	21.9	0.921	129	-2	-88.6	-66.3	15.6521739130435	-3.2	0	0	40.63	37.887	87.173	18.675	0	0	2	52	6	5.97001489612882	-3.9	230	11.3	146	-1.223	7
126	A	0.97223791891593	10	NA	34.3	93.2	22.4	0.291	99.5	-112.3	-108.7	8.7	36.3636363636364	-0.6	0	0	40.43	NA	NA	NA	0	0	0	0	6	6.11390855836101	1.8	121	8.1	89	-1.112	22
127	G	0.517550501717448	2	NA	34.6	94	26.1	0.94	81.9	104.8	62.1	51.3	1.03092783505155	-0.3	0	0	34.89	NA	NA	NA	0	0	0	0	9	6.40402825259227	-9.4	97	9	75	-0.631	15
128	K	1.15875446518548	5	NA	32.3	91.3	27.5	0.382	78.8	6.2	-121.1	-102.4	36.9565217391304	-2	0	0	35.16	28.603	87.41	27.703	2	39	0	0	7	5.20410778712355	-3.9	230	11.3	146	-1	14
129	G	0.652044576276189	13	intolerant	33.4	88.1	29.2	0.88	127.1	45.2	-56.5	-50.5	8.24742268041237	-2.1	1	0	30.26	NA	NA	NA	0	0	0	0	6	4.56953803573184	-9.4	97	9	75	-0.742	25
130	R	1.02627729346583	10	NA	37.1	88.5	29.6	0.939	114.3	47.1	-64.9	-49.1	3.0188679245283	-2.1	1	0	21.93	39.949	87.5965	23.6775	1	40	0	0	6	5.09417096886235	-4.5	265	10.5	174	-0.812	355
131	T	0.72384315974061	7	intolerant	37.1	92	30.8	0.891	110.6	56.6	-59.3	-37.7	0	-2.7	1	0	27.07	37.338	93.462	28.896	0	0	0	0	9	7.4983543434543	-0.7	163	8.6	119	-0.933	5
132	G	NA	NA	NA	34.3	91.1	33.3	0.85	101.3	53	-63.1	-40.8	0	-4.6	1	0	28.29	NA	NA	NA	0	0	0	0	9	9.01970165027646	-9.4	97	9	75	-0.708	25
133	V	0.365280688197905	11	intolerant	36.2	88.3	35.1	0.948	113.7	43	-59.9	-50.5	0	-4	1	0	26.98	NA	NA	NA	0	0	0	0	8	10.1973171893396	4.2	165	5.9	117	-1.503	2
134	M	0.563678267446083	13	intolerant	39.2	90.5	35.8	0.892	115.5	47.1	-65.5	-43	0	-3.7	1	0	23.75	NA	NA	NA	0	0	0	0	7	11.9004872950649	1.9	203	5.7	149	-1.496	13
135	I	0.238312951627251	5	intolerant	37.3	93.5	36.9	0.928	113.6	46.6	-66.5	-47.4	0	-5.2	1	0	28.01	NA	NA	NA	0	0	0	0	7	13.4313252458572	4.5	191	5.2	131	-1.358	10
136	C	0.281697997381238	6	intolerant	34.9	91.6	39.2	0.851	109.3	56.4	-62.5	-34.9	0	-4.3	1	0	29.29	NA	NA	NA	0	0	0	0	9	14.7440590700119	2.5	148	5.5	121	-1.458	32
137	A	0.497460793762825	9	intolerant	38	89.9	40.6	0.91	110	45.9	-60.4	-42.2	0	-4.1	1	0	25.83	NA	NA	NA	0	0	0	0	9	16.0368936474618	1.8	121	8.1	89	-1.603	2
138	Y	0.282602890453715	4	NA	39.3	93.4	41.4	0.907	105	59.2	-65.6	-46.3	3.92156862745098	-6.2	1	0	31.22	41.124	99.265	42.888	0	0	0	0	9	17.876620426132	-1.3	255	6.2	181	-1.479	5
139	L	0.462416143165834	11	intolerant	36	94.5	42.9	0.864	111.4	43.2	-51.4	-36.3	1.57068062827225	-6.2	1	0	34.09	NA	NA	NA	0	0	0	0	8	19.183715955466	3.8	191	4.9	131	-0.96	2
140	L	0.232145212013288	12	intolerant	36.3	91.6	45.4	0.857	115.3	47.7	-77.2	-39.8	6.80628272251309	-2.2	1	0	34.69	NA	NA	NA	0	0	0	0	9	20.822056523312	3.8	191	4.9	131	-1.516	2
141	H	0.516471991770016	7	intolerant	40	92.3	46	0.917	113	47.4	-67.9	-44.4	21.7592592592593	-2.4	1	0	37.64	43.798	92.8165	45.8955	0	0	0	0	6	22.0652984992272	-3.2	216	10.4	155	-2.191	1
142	R	0.813295889645101	12	NA	39.5	96	46.5	0.855	115.7	-117.6	-66.5	-36	59.2452830188679	-4.2	1	0	41.62	39.724	101.41	48.606	0	0	0	0	7	23.4759851307671	-4.5	265	10.5	174	-2.671	21
143	G	0.666640453301647	7	NA	36.6	95.2	48.8	0.586	75.8	128	107.7	16.2	44.3298969072165	-1.9	0	0	44.95	NA	NA	NA	0	0	0	0	6	25.014417799741	-9.4	97	9	75	-1.754	NA
144	K	0.911816353525297	8	NA	33.8	96.9	46.9	0.929	84	16.9	-67.8	-44.1	53.0434782608696	-2.8	0	0	37.59	31.402	100.333	47.216	0	0	0	0	5	23.8038055331495	-3.9	230	11.3	146	-2.476	5
145	F	0.363302865130571	6	intolerant	31.8	93.6	47.2	0.784	60.5	-157.4	-121.7	166.5	16.2280701754386	-1.7	0	0	42.07	NA	NA	NA	0	0	0	0	6	23.2241145764483	2.8	228	5.2	165	-1.753	2
146	L	0.979014444391306	14	enhanced	32.2	90.6	49.4	0.589	75.9	59.4	-115.9	-21.4	67.0157068062827	-1	0	0	42.33	NA	NA	NA	0	0	0	0	4	24.7625010420999	3.8	191	4.9	131	-2.564	3
147	K	0.98597597962623	11	NA	30.4	88	47.3	0.938	73.8	-134.5	-119.2	134.6	53.9130434782609	-2.9	0	0	40.21	27.99	85.866	51.496	0	0	0	0	6	22.814080254527	-3.9	230	11.3	146	-2.558	1
148	A	0.377003400767219	7	intolerant	31.2	86.8	43.8	0.885	106.1	53.8	-46.4	-52.5	2.47933884297521	-3.5	1	0	36.22	NA	NA	NA	0	0	0	0	6	19.2444282289706	1.8	121	8.1	89	-1.375	3
149	Q	0.749467223252827	15	NA	27.6	86.9	42.7	0.766	105.3	55.4	-59.6	-27.1	53.2710280373832	-2.5	1	0	41.44	24.081	84.08	42.7525	0	0	0	0	6	19.2629529890928	-3.5	214	10.5	146	-2.532	1
150	E	NA	NA	NA	27.3	90.5	43.8	0.911	111.1	43.4	-71	-43.8	35.981308411215	-3.3	1	0	41.11	27.7065	91.0845	48.2695	0	0	0	0	7	20.5655629113331	-3.5	214	12.3	147	-1.632	3
151	A	0.23841746860379	11	intolerant	30.2	91.6	41.7	0.89	113.2	51.9	-67.4	-43.4	0	-4.6	1	0	34.46	NA	NA	NA	0	0	0	0	8	17.8542044868989	1.8	121	8.1	89	-1.333	7
152	L	0.277159140806135	12	intolerant	29.1	89.6	38.7	0.92	111.4	45.6	-61	-47.2	2.09424083769634	-5.1	1	0	31.71	NA	NA	NA	0	0	0	0	7	15.0966101446649	3.8	191	4.9	131	-1.246	6
153	D	0.433703169457343	6	intolerant	25.6	91.1	38.7	0.877	111.2	54.7	-65.7	-37.2	40.6417112299465	-4.7	1	0	33.49	23.999	88.821	40.109	1	4	0	0	7	17.0324524910537	-3.5	187	13	133	-2.153	4
154	F	0.42270127349244	17	intolerant	27	94.5	39.2	0.977	108	47.2	-60	-57	23.6842105263158	-4.8	1	0	34.12	NA	NA	NA	0	0	0	0	7	17.7199017452129	2.8	228	5.2	165	-1.993	7
155	Y	0.301099639922355	7	intolerant	29.3	94.3	36.1	0.936	113.4	50.4	-50.2	-51.2	0	-6.8	1	0	32.61	32.727	93.479	30.641	0	0	0	0	8	14.1689469566372	-1.3	255	6.2	181	-1.228	17
156	G	0.957713873948824	8	NA	26.4	93	34	0.911	111.2	45.7	-54.7	-50.5	3.09278350515464	-5.4	1	0	33.65	NA	NA	NA	0	0	0	0	11	13.605642133321	-9.4	97	9	75	-1.355	1
157	E	0.933333138768954	12	NA	23.9	95.7	34.9	0.897	121.5	37.6	-63	-41.4	46.7289719626168	-3.6	1	0	42.68	21.767	95.0155	38.741	0	0	0	0	9	16.9637925553221	-3.5	214	12.3	147	-2.145	1
158	V	0.977808396542379	10	enhanced	26.4	98.5	34.4	0.867	123.5	40	-80.9	-36.5	15.7575757575758	-3.3	1	0	38.87	NA	NA	NA	0	0	0	0	8	16.7592505160583	4.2	165	5.9	117	-2.38	NA
159	R	0.923288945760368	1	NA	28.2	97.1	31.4	0.9	118.2	36.2	-81.1	-39.3	4.52830188679245	-4.5	1	0	34.46	31.5845	97.5245	26.4995	3	133	1	135	8	13.3042759239276	-4.5	265	10.5	174	-0.934	16
160	T	0.889782975042334	14	NA	25.3	95.6	29.4	0.686	64.6	-136	-113.5	166.6	7.36196319018405	-3.8	0	0	41.85	24.817	93.51	30.499	2	4	0	0	10	13.3371150501148	-0.7	163	8.6	119	-1.413	2
161	R	1.00095939727666	7	NA	21.7	96.5	28.7	0.555	106.3	44.8	-94.8	-10.3	54.3396226415094	-0.6	0	0	50.41	22.3885	102.0095	26.444	1	147	0	0	5	16.4543239867215	-4.5	265	10.5	174	-2.627	5
162	D	0.66831230814912	11	NA	20.4	92.9	29.2	0.114	111.6	-111.3	-119.3	20.7	41.1764705882353	-0.6	0	0	52.42	22.2145	91.55	27.1125	0	0	0	0	5	16.1546401340296	-3.5	187	13	133	-1.713	5
163	K	0.785024925716033	14	NA	22.3	92	32.4	0.828	76.5	132.4	51.1	39.4	63.4782608695652	-1.5	0	0	58.48	17.685	92.532	33.852	0	0	0	0	7	15.408925915196	-3.9	230	11.3	146	-2.172	NA
164	K	0.754354999422738	12	NA	24.5	89.6	30.5	0.693	16.1	128.7	-121	77.5	50.4347826086956	-0.8	0	0	52.7	20.752	86.127	28.884	0	0	0	0	5	12.1049377470518	-3.9	230	11.3	146	-1.595	1
165	G	0.924773049711733	1	NA	28.1	90.2	31.4	0.781	75.1	15	-91.2	-97.3	4.12371134020619	-1.8	0	0	40.8	NA	NA	NA	0	0	0	0	6	9.82324375448354	-9.4	97	9	75	-0.868	24
166	V	0.452798428834696	12	intolerant	30.1	87.2	32.5	0.729	74	150.2	-82.6	108.6	1.21212121212121	-0.9	0	0	31.56	NA	NA	NA	0	0	0	0	5	9.04991921842399	4.2	165	5.9	117	-1.184	5
167	T	0.756254840590716	14	NA	27.8	84.4	31.3	0.658	35.8	96.3	-114.5	-24.6	22.0858895705521	-1.3	0	0	26.52	27.57	84.74	28.965	1	39	0	0	4	10.2143496053346	-0.7	163	8.6	119	-1.486	11
168	I	0.806506150039507	13	NA	30.2	81.4	30.6	0.55	70.6	-140.6	-67.8	117.9	14.6596858638743	-3.4	0	0	20.86	NA	NA	NA	0	0	0	0	6	9.77523492607722	4.5	191	5.2	131	-1.679	1
169	P	NA	NA	NA	30.2	79.3	33.7	0.867	100.4	57.7	-51.2	-36.3	7.79220779220779	-3.3	1	0	23.59	NA	NA	NA	0	0	0	0	8	13.074914831845	-1.6	154	8	115	-1.028	6
170	S	0.315924725993492	6	intolerant	33.9	78.6	33.4	0.909	109.7	44.8	-62.1	-38.7	0	-1.9	1	0	22.33	34.482	76.618	32.135	1	104	0	0	9	12.468629349692	-0.8	143	9.2	105	-0.971	16
171	Q	0.771590869158868	14	NA	34.5	82.4	33.5	0.967	114.5	47.6	-70.1	-46.8	1.86915887850467	-2.2	1	0	21.2	34.587	84.6085	29.494	0	0	0	0	8	10.0616816616309	-3.5	214	10.5	146	-0.822	9
172	R	0.426611504228904	10	intolerant	32.1	82.9	36.4	0.877	105.7	62.3	-58	-38.2	23.0188679245283	-4.9	1	0	25.87	26.9685	85.1585	37.099	1	6	0	0	7	12.7544775612331	-4.5	265	10.5	174	-1.898	1
173	R	NA	NA	NA	33.7	80	38.2	0.9	98.3	54.1	-55.6	-43.9	11.6981132075472	-6	1	0	23.11	32.9205	75.4285	36.0275	2	151	0	0	8	15.3724974503169	-4.5	265	10.5	174	-1.046	93
174	Y	0.241865657492121	1	NA	37.1	81.7	38.4	0.774	102	57.8	-67.7	-20	0	-3.9	1	0	20.62	40.604	77.138	35.806	0	0	0	0	7	14.8424667040219	-1.3	255	6.2	181	-0.997	6
175	V	0.244807404852041	13	intolerant	35.5	84.8	40.1	0.862	109.5	45.2	-75.2	-32.6	0	-4	1	0	25.45	NA	NA	NA	0	0	0	0	8	15.4050938932549	4.2	165	5.9	117	-1.071	3
176	Y	0.789162234519486	10	NA	34.3	82.5	42.8	0.838	107.7	58.6	-74.2	-35.3	36.4705882352941	-4.2	1	0	28.79	27.781	83.084	42.174	0	0	0	0	9	18.5865160226439	-1.3	255	6.2	181	-2.528	NA
177	Y	0.257471157858115	12	intolerant	37.7	80.8	43	0.949	110.2	43	-57	-48.5	10.1960784313725	-4.2	1	0	27.47	37.798	74.923	40.06	1	99	0	0	7	19.4763384099784	-1.3	255	6.2	181	-0.902	10
178	Y	0.386686122471084	16	intolerant	39.3	84.1	43.8	0.934	110.6	53.5	-65.8	-46.9	2.74509803921569	-4.5	1	0	29.88	43.355	88.829	44.778	0	0	0	0	7	19.6191696526637	-1.3	255	6.2	181	-1.495	3
179	S	0.409867250771997	9	intolerant	36.6	85.2	46.2	0.863	106.9	56.7	-53.4	-35.8	4.1958041958042	-4.6	1	0	37.74	34.337	85.462	47.123	1	4	0	0	7	21.4222962788773	-0.8	143	9.2	105	-2.218	1
180	Y	NA	NA	NA	37.3	81.9	48	0.903	106.1	46.8	-63.3	-46.6	39.2156862745098	-4.2	1	0	32.11	38.556	76.274	50.895	0	0	0	0	8	23.8458587150893	-1.3	255	6.2	181	-3	NA
181	L	NA	NA	NA	41	82.6	48.5	0.906	112.1	52.7	-63.2	-42.1	7.32984293193717	-5.1	1	0	33.12	NA	NA	NA	0	0	0	0	9	24.7824538304826	3.8	191	4.9	131	-1.719	1
182	L	0.361746139567816	1	NA	40.3	86.1	49.8	0.978	109.4	43.6	-59.1	-62.8	27.2251308900524	-4.1	1	0	34.87	NA	NA	NA	0	0	0	0	7	25.4105808249241	3.8	191	4.9	131	-1.631	3
183	K	NA	NA	NA	37.7	85.3	52.5	0.837	120.2	43.1	-55.4	-35.9	51.7391304347826	-2.8	1	0	52.31	33.701	83.756	49.751	1	4	0	0	6	27.7488821010865	-3.9	230	11.3	146	-2.072	1
184	N	0.573058992364882	5	intolerant	39.8	82.4	53.7	0.512	105.8	-131.1	-87.1	-6.1	37.9679144385027	-2.2	1	0	54.96	37.935	80.0835	52.8815	1	4	0	0	6	29.5840399178341	-3.5	187	11.6	132	-2.27	1
185	H	NA	NA	NA	43	84.4	53.4	0.948	52.5	156	53.2	53.2	74.537037037037	-2.7	0	0	63.05	41.291	87.11	55.3795	1	2	0	0	6	29.6831975679845	-3.2	216	10.4	155	-2.95	2
186	L	0.623312416844962	11	intolerant	44.7	81.6	51.5	0.749	39.3	-139.4	-108.6	155.2	35.6020942408377	-3.2	0	0	53.87	NA	NA	NA	0	0	0	0	5	28.8588821311568	3.8	191	4.9	131	-2.045	NA
187	D	0.897165182363282	18	NA	47.6	81.7	49.1	0.942	30.1	-111.1	-113.2	137.5	66.8449197860963	-0.3	0	0	45.08	49.176	83.8145	50.543	0	0	0	0	3	27.823244919671	-3.5	187	13	133	-2.68	3
188	Y	0.304958253638366	19	intolerant	47.4	79.6	46	0.264	36	176.4	-64.3	154.1	14.5098039215686	-0.5	0	0	35.48	46.916	76.034	40.643	0	0	0	0	3	25.6691592745068	-1.3	255	6.2	181	-2.116	1
189	R	0.822908554704907	15	NA	49.8	76.6	45.6	0.901	39.8	-102.6	-158.3	127.9	71.6981132075472	-0.2	0	0	41.45	52.7355	74.2665	50.7695	0	0	0	0	3	27.653408069531	-4.5	265	10.5	174	-2.465	2
190	P	NA	NA	NA	49.7	74.1	42.7	0.362	37.5	-156.1	-58.2	125.7	58.4415584415584	-0.6	0	0	38.07	NA	NA	NA	0	0	0	0	4	26.6910737487273	-1.6	154	8	115	-1.721	1
191	V	0.905802309549555	4	NA	48.1	70.9	44	0.922	2.7	-147.2	-112	115.6	24.8484848484848	-0.9	0	0	27.91	NA	NA	NA	0	0	0	0	6	28.5204666487069	4.2	165	5.9	117	-2.197	1
192	A	1.00891315786048	13	enhanced	48.9	67.7	42.2	0.59	26.8	163.9	-83.3	138.3	35.5371900826446	-2	0	1	32.07	NA	NA	NA	0	0	0	0	5	29.7903913680234	1.8	121	8.1	89	-2.391	1
193	L	0.487474709885751	9	intolerant	46.1	65.1	41.9	0.876	36.5	-115.8	-141.9	173.2	0.523560209424084	-6.5	0	1	31.84	NA	NA	NA	0	0	0	0	8	30.3093744221157	3.8	191	4.9	131	-1.814	1
194	L	0.68113939806101	12	NA	45.3	61.9	40	0.965	22.2	-142.4	-116.7	128.8	26.1780104712042	-3.9	0	1	29.29	NA	NA	NA	0	0	0	0	9	31.5593690979398	3.8	191	4.9	131	-2.142	NA
195	F	0.282535158989208	9	intolerant	42.3	62	37.7	0.84	25.7	171.7	-95.2	111.4	0.43859649122807	-6.8	0	1	25.23	NA	NA	NA	0	0	0	0	6	29.5781669117611	2.8	228	5.2	165	-2.412	1
196	H	0.560530864619929	14	intolerant	40.6	58.6	38	0.833	51.2	-39.5	-88.4	-41.2	23.1481481481481	-4.9	0	1	28.23	42.54	57.758	41.103	0	0	0	0	7	32.3642657549959	-3.2	216	10.4	155	-2.637	2
197	K	0.651365717334397	12	NA	37.2	58.9	36.1	0.976	41.4	-127.5	-176.8	170.5	12.6086956521739	-3.7	0	1	25.39	33.564	55.412	39.985	0	0	0	0	7	30.957970183137	-3.9	230	11.3	146	-2.21	NA
198	M	NA	NA	NA	34.1	60.9	35.3	0.963	18	-155.6	-133.3	148.4	0	-6.6	0	1	24.96	NA	NA	NA	0	0	0	0	7	28.7507909084255	1.9	203	5.7	149	-2.611	2
199	M	1.25791496932706	1	NA	30.4	59.9	35.6	0.988	9.4	-143.7	-132.8	129.4	6.89655172413793	-5.2	0	1	26.9	NA	NA	NA	0	0	0	0	7	30.1439326873585	1.9	203	5.7	149	-3.101	NA
200	F	NA	NA	NA	27.3	61.2	33.7	0.76	8.5	-156.7	-86.9	133.6	0	-4.8	0	1	25.05	NA	NA	NA	0	0	0	0	8	28.9838340779822	2.8	228	5.2	165	-2.142	NA
201	E	0.741519414733921	13	NA	24.2	61.4	36	0.986	77.5	8.3	-73.9	-61.8	25.2336448598131	-3.7	0	0	35.57	23.4475	61.6565	39.629	0	0	0	0	6	30.543635963323	-3.5	214	12.3	147	-2.309	1
202	T	0.716077696895173	16	NA	21.6	61.2	33.2	0.503	95.6	-88.1	-107.6	-175.9	18.4049079754601	-0.7	0	0	27.03	20.999	63.533	32.761	0	0	0	0	7	30.871841180273	-0.7	163	8.6	119	-2.242	1
203	I	0.649782015151015	9	NA	22.1	60.6	29.4	0.831	33.4	-125.9	-105	118.6	12.565445026178	-0.5	0	0	26.43	NA	NA	NA	0	0	0	0	4	30.3965241081937	4.5	191	5.2	131	-1.964	NA
204	P	0.37462385103165	10	intolerant	22.8	63.4	26.9	0.269	19.4	-139.3	-59	143.4	0	-0.9	0	0	29.33	NA	NA	NA	0	0	0	0	6	27.3197082316045	-1.6	154	8	115	-1.68	10
205	M	0.701375970356606	11	intolerant	20.4	63.5	23.9	0.818	53.3	125.6	-108.7	91.3	31.5270935960591	-2.9	0	0	35.12	NA	NA	NA	0	0	0	0	8	28.3515974481157	1.9	203	5.7	149	-2.803	2
206	F	0.704921846382513	16	NA	22.2	64.2	20.6	0.561	78.1	24.5	-120.2	-15.2	17.5438596491228	-3	0	0	33.82	NA	NA	NA	0	0	0	0	5	27.1791673503807	2.8	228	5.2	165	-2.027	NA
207	S	0.880365542157194	11	NA	21.1	61.3	18.4	0.828	132.7	-28.6	-154.8	109.2	24.4755244755245	-5.5	0	0	46.65	22	59.994	16.579	0	0	0	0	7	30.613955279578	-0.8	143	9.2	105	-2.226	1
208	G	0.801986165393733	15	NA	17.9	59.3	19	0.914	123.5	-46.4	49.3	56.3	86.5979381443299	-0.7	0	0	49.58	NA	NA	NA	0	0	0	0	4	33.7523394427705	-9.4	97	9	75	-1.838	NA
209	G	0.898612574459989	13	NA	17.7	59.9	22.8	0.217	131.2	57	77	-18.8	49.4845360824742	-0.7	0	0	51.43	NA	NA	NA	0	0	0	0	5	32.8847785131662	-9.4	97	9	75	-1.584	2
210	T	0.868312315496631	9	NA	21.4	59	23.3	0.608	68.1	-137.2	-128.5	-167.7	31.2883435582822	-6.9	0	0	46.66	21.981	57.083	21.945	0	0	0	0	8	31.8628727182594	-0.7	163	8.6	119	-2.143	NA
211	C	0.649318429165073	12	intolerant	24.8	60	22.2	0.917	18.1	-130.3	-148.1	168.6	4.05405405405405	-0.5	0	0	29.85	NA	NA	NA	0	0	0	0	7	29.6997147774183	2.5	148	5.5	121	-2.077	1
212	N	0.759918559277348	11	NA	28.2	58.6	21.1	0.687	44.1	-158.9	-122.9	71.2	37.9679144385027	-3.1	0	0	34.92	26.9555	56.8065	18.9375	0	0	0	0	6	30.1734469005449	-3.5	187	11.6	132	-2.366	NA
213	P	0.624284995331365	11	intolerant	30.4	60.7	23.5	0.078	19.9	173.3	-58.2	148.6	0.649350649350649	-3.7	0	1	28.58	NA	NA	NA	0	0	0	0	8	27.4619642025111	-1.6	154	8	115	-1.837	4
214	Q	0.927202520070204	14	NA	34.1	61.3	23	0.973	10.6	-167	-152	143.1	4.67289719626168	-5.2	0	1	23.09	37.1585	62.808	21.295	1	13	0	0	7	26.5083831619358	-3.5	214	10.5	146	-2.544	NA
215	F	0.350375353388163	15	intolerant	36.3	63.6	25.1	0.952	16.3	-154.3	-141.2	161.3	2.19298245614035	-3.5	0	1	20.09	NA	NA	NA	0	0	0	0	6	24.1451419101234	2.8	228	5.2	165	-2.076	2
216	V	0.853131478105462	13	NA	39.6	65.4	25.3	0.986	12.5	-151.5	-129.9	139.1	16.969696969697	-4.6	0	1	23.48	NA	NA	NA	0	0	0	0	6	22.7655700095561	4.2	165	5.9	117	-2.124	2
217	V	0.27301958575043	15	intolerant	41.5	66.5	28.4	0.95	15.7	-173.5	-114.6	128	0	-7	0	1	23.08	NA	NA	NA	0	0	0	0	8	22.4204874581263	4.2	165	5.9	117	-1.921	4
218	C	0.892298851011563	17	enhanced	43.8	69.5	28.3	0.918	20.8	-157.4	-122.2	148.2	17.5675675675676	-6.5	0	1	28.03	NA	NA	NA	0	0	0	0	8	20.4551723986868	2.5	148	5.5	121	-2.843	NA
219	Q	0.785293104949343	9	NA	46.2	71	30.9	0.982	79.6	-44.5	-117.6	109.7	26.6355140186916	-5.7	0	1	30.94	49.1035	69.5265	34.037	1	31	0	0	5	20.917485935456	-3.5	214	10.5	146	-2.22	NA
220	L	0.919212567381356	9	NA	46.7	74.6	29.8	0.43	125.5	-24.5	61.4	-135.4	41.3612565445026	-1.9	0	0	37.36	NA	NA	NA	0	0	0	0	4	18.1570217232893	3.8	191	4.9	131	-2.369	NA
221	K	NA	NA	NA	47.2	74.4	26	0.301	119.7	96.8	-91.8	12.8	77.8260869565217	-1.1	0	0	47.16	48.432	78.875	22.462	0	0	0	0	3	18.0167504800394	-3.9	230	11.3	146	-2.01	NA
222	V	0.974502917005809	9	NA	48.5	70.8	26.1	0.891	69.9	-138.3	-107.5	121.9	56.3636363636364	-6	0	1	42.82	NA	NA	NA	0	0	0	0	7	21.6051363767971	4.2	165	5.9	117	-2.133	1
223	K	0.811523248359341	11	NA	46.1	67.9	25.4	0.685	24.8	175.7	-80.6	109.3	69.5652173913043	-1.2	0	1	43.02	46.39	66.617	19.151	0	0	0	0	6	22.6647236440244	-3.9	230	11.3	146	-2.035	NA
224	I	0.722813400945942	15	NA	47.1	65.3	27.9	0.589	63.2	25.5	-88.8	-16.1	30.8900523560209	-3	0	1	32.05	NA	NA	NA	0	0	0	0	6	25.5897451698918	4.5	191	5.2	131	-2.094	NA
225	Y	0.481620181073254	11	intolerant	44.3	62.8	27	0.973	51.7	-177.1	-155.5	139.9	22.3529411764706	-5.4	0	1	32	41.187	57.27	27.609	0	0	0	0	6	26.6343169212203	-1.3	255	6.2	181	-2.226	4
226	S	0.781840210488565	11	NA	42.1	61.8	24.1	0.977	20.3	-150.1	-136.6	119.9	55.9440559440559	-0.9	0	1	34.5	41.895	62.057	21.708	0	0	0	0	4	26.8568240464132	-0.8	143	9.2	105	-2.182	2
227	S	0.552679221423444	6	intolerant	39.4	59.1	24.4	0.501	15.5	-116	-92.3	159	7.69230769230769	-3.1	0	0	40.78	37.193	59.85	24.842	2	12	0	0	5	28.9414498230479	-0.8	143	9.2	105	-2.051	1
228	N	1.00021401085924	18	enhanced	38	56.6	22	0.352	55.1	-74	-79.4	170.8	64.1711229946524	-0.7	0	0	50.15	36.994	54.1145	23.458	1	1	0	0	3	31.3911996881292	-3.5	187	11.6	132	-2.44	NA
229	S	0.96374561796996	13	enhanced	34.3	56.9	21.1	0.381	96.8	22.8	-69.8	141.5	35.6643356643357	-0.5	0	0	50.18	32.358	57.252	19.633	0	0	0	0	5	31.0688670192526	-0.8	143	9.2	105	-2.424	NA
230	G	0.785968084240793	7	NA	31.7	55.8	23.7	0.214	91.5	-67.2	85.8	152.5	18.5567010309278	-3.7	0	0	39.31	NA	NA	NA	0	0	0	0	5	32.1219893197791	-9.4	97	9	75	-2.228	4
231	P	0.767781912805273	16	NA	31.9	55.3	27.6	0.302	32.9	-124.4	-73.5	155	24.025974025974	-0.4	0	0	28.23	NA	NA	NA	0	0	0	0	6	32.6787933966357	-1.6	154	8	115	-2.407	1
232	T	0.723020428678677	12	NA	33.9	52.7	29.3	0.801	100.1	15.9	-69.1	-25.6	44.7852760736196	-2.2	0	0	31.21	34.34	53.152	31.706	0	0	0	0	5	35.3015883192244	-0.7	163	8.6	119	-2.395	1
233	R	0.810825981279141	3	NA	30.6	51.6	30.9	0.925	62	-158.6	-157	126.7	37.3584905660377	-4.1	0	1	25.28	30.3745	51.4135	36.5375	0	0	1	2	6	36.8739091751878	-4.5	265	10.5	174	-2.289	1
234	R	0.927045127860587	8	NA	26.9	52.2	30.3	0.905	15.9	169.8	-104.5	124.8	47.5471698113208	-0.8	0	1	21.81	22.1095	54.4795	27.157	0	0	0	0	4	36.8374271340983	-4.5	265	10.5	174	-2.322	6
235	E	0.807518794967087	16	NA	24.6	51.6	33.3	0.6	59.3	-83.4	-134.1	68.4	39.7196261682243	-4.7	0	1	29.61	25.0265	52.415	37.607	1	5	1	2	4	38.5219685096699	-3.5	214	12.3	147	-2.172	2
236	D	0.663370175245492	16	NA	21.1	52.9	32.3	0.804	115.1	0.3	29.6	106.8	60.427807486631	-0.5	0	0	41.61	18.2135	53.0125	33.116	0	0	0	0	4	38.2345626084568	-3.5	187	13	133	-2.146	NA
237	K	0.824252705582951	9	NA	21	56.7	32.8	0.13	125.2	85.5	77.4	-23	55.2173913043478	-0.8	0	0	41.17	15.543	56.832	33.142	0	0	0	0	5	34.9586658478266	-3.9	230	11.3	146	-2.239	NA
238	F	0.987138009626875	13	NA	24.6	56.5	34	0.913	54.4	-177.9	-112.9	140.1	24.1228070175439	-4.6	0	1	31.5	NA	NA	NA	0	0	0	0	8	34.1491194302284	2.8	228	5.2	165	-2.669	1
239	M	0.496955691538708	12	intolerant	27.7	56.6	31.8	0.988	11.1	-156	-130.5	139.2	1.97044334975369	-5	0	1	22.72	NA	NA	NA	0	0	0	0	7	32.7039208331356	1.9	203	5.7	149	-2.931	2
240	Y	0.860376120524363	16	NA	31.2	56.2	33.2	0.935	9.4	-165.9	-121.6	146.8	9.01960784313725	-5.4	0	1	20.27	27.522	54.455	38.14	1	5	0	0	8	32.8034519198818	-1.3	255	6.2	181	-2.692	NA
241	F	0.239611126977579	14	intolerant	34.5	57.5	31.7	0.917	15.9	-179.9	-132.9	100.7	0.87719298245614	-6.8	0	1	24.22	NA	NA	NA	0	0	0	0	7	30.959838789309	2.8	228	5.2	165	-2.187	5
242	E	0.330833790813963	1	NA	37.5	55.9	33.4	0.885	26.3	-126.6	-109.2	131	34.5794392523364	-1	0	1	32.42	35.359	52.4445	35.2415	0	0	0	0	4	32.9979911185514	-3.5	214	12.3	147	-2.277	1
243	F	0.251549692675229	19	intolerant	41	56.6	32.5	0.495	18.2	-129.2	-71	141.5	6.57894736842105	-1.9	0	1	38.11	NA	NA	NA	0	0	0	0	7	32.5495686278636	2.8	228	5.2	165	-2.078	2
244	P	0.758307391118514	18	NA	43.1	53.5	31.7	0.936	99.9	14.8	-57.6	-44.6	53.2467532467532	-0.1	0	1	38.19	NA	NA	NA	0	0	0	0	3	35.7738605389466	-1.6	154	8	115	-2.208	3
245	Q	0.824463095987873	14	NA	45.7	54.8	34.1	0.972	108.4	-86.7	-126.9	143.4	66.8224299065421	-0.2	0	1	40.53	46.7345	52.3975	31.7205	0	0	0	0	4	35.7610301565825	-3.5	214	10.5	146	-2.386	NA
246	P	0.3205683206408	11	intolerant	45.1	57.6	36.6	0.26	46.8	-128.1	-51.4	127.7	40.2597402597403	-0.2	0	1	33.94	NA	NA	NA	0	0	0	0	7	33.7915805765282	-1.6	154	8	115	-2.001	15
247	L	0.38197865615363	7	intolerant	45.7	60.8	34.7	0.718	16.9	-130.5	-84.5	115.6	7.85340314136126	-6.3	0	1	28.31	NA	NA	NA	0	0	0	0	5	30.5151371922199	3.8	191	4.9	131	-2.028	2
248	P	1.02636558509846	3	NA	48.2	63.1	36.6	0.485	35.7	177.9	-66	131	58.4415584415584	-0.6	0	1	29.39	NA	NA	NA	0	0	0	0	5	30.2063701536613	-1.6	154	8	115	-2.048	2
249	V	0.311838700651374	2	NA	46.7	66.6	36.8	0.993	14.7	167.9	-140.9	145.2	1.81818181818182	-6.2	0	1	26.36	NA	NA	NA	0	0	0	0	6	26.8332748254849	4.2	165	5.9	117	-1.54	1
250	C	0.92941925168585	7	NA	47.7	69.9	38.4	0.925	52.5	-8.7	-159.5	130.4	27.027027027027	-1.1	0	1	31.71	NA	NA	NA	0	0	0	0	6	25.6150459273451	2.5	148	5.5	121	-2.375	NA
251	G	NA	NA	NA	46.5	73.6	38.1	0.694	112.3	7.6	91.3	-137.3	9.27835051546392	-3.5	0	0	27.88	NA	NA	NA	0	0	0	0	6	22.3883683608252	-9.4	97	9	75	-1.068	14
252	D	0.226325198012613	16	intolerant	43.9	74.7	35.4	0.727	70.7	-179.2	-87.2	123.7	6.95187165775401	-2.1	0	1	23.53	44.27	77.6185	36.1075	1	154	0	0	5	18.8504763297907	-3.5	187	13	133	-0.896	15
253	I	0.311777115856877	17	intolerant	42.4	71.8	33.5	0.947	13.5	-153.7	-128.8	143.9	3.66492146596859	-6.8	0	1	22.87	NA	NA	NA	0	0	0	0	7	19.4708864169046	4.5	191	5.2	131	-1.535	4
254	K	0.563022185659444	14	intolerant	39.9	71.7	30.6	0.93	5	-168.9	-116.8	139.8	18.695652173913	-6.2	0	1	17.79	38.8	74.125	24.851	0	0	1	2	7	17.6372814758964	-3.9	230	11.3	146	-1.577	1
255	V	0.285409045942148	10	intolerant	37.5	68.9	29.6	0.993	7.2	-178.6	-129.9	125.7	0.606060606060606	-4.9	0	1	22.73	NA	NA	NA	0	0	0	0	6	19.5219224939553	4.2	165	5.9	117	-1.446	2
256	E	0.603320260435319	15	intolerant	35.5	68.9	26.4	0.99	7.8	-160.6	-129	127	16.3551401869159	-4.5	0	1	19.66	36.1765	71.463	22.6925	0	0	2	13	7	18.8730394441383	-3.5	214	12.3	147	-1.868	3
257	F	0.413800039508791	18	intolerant	33	66.3	25.1	0.8	8.4	-174.5	-105.2	146.8	0	-6.5	0	1	19.93	NA	NA	NA	0	0	0	0	7	21.5189571740826	2.8	228	5.2	165	-1.505	1
258	F	0.391129337640127	8	intolerant	31.8	65.7	21.6	0.912	24.2	-122.9	-133.9	162	8.33333333333333	-5.5	0	1	30.35	NA	NA	NA	0	0	0	0	8	22.5170450516936	2.8	228	5.2	165	-1.926	2
259	H	0.572722364555279	15	NA	29.2	63.5	19.9	0.939	20.2	-141	-109	122.3	0	-6.7	0	1	34.07	26.074	61.729	18.7535	2	47	0	0	7	25.4372348705593	-3.2	216	10.4	155	-2.01	2
260	K	1.00458763435418	14	enhanced	30.5	61.2	17.2	0.742	20.8	-156.2	-84.2	107.3	27.8260869565217	-3.7	0	0	50.88	35.613	60.163	18.435	0	0	0	0	5	28.0139393491883	-3.9	230	11.3	146	-1.857	NA
261	Q	0.966479968098837	6	NA	27.9	61.2	14.5	0.741	24.4	-101.5	-91.7	131.2	21.4953271028037	-2.4	0	0	68.51	24.426	61.284	14.409	1	2	0	0	4	29.4072419288175	-3.5	214	10.5	146	-2.483	NA
262	N	0.901384298062916	16	enhanced	27.7	58.2	12.2	0.105	97	-0.4	-48.9	136.7	47.0588235294118	-0.8	0	0	87.31	24.5715	58.236	12.1605	0	0	0	0	4	33.0044051281037	-3.5	187	11.6	132	-2.235	NA
263	K	0.990430290650827	19	enhanced	29.2	58.6	8.7	0.759	108	104	51.8	36.3	85.6521739130435	-0.6	0	0	92.18	28.3	53.952	9.235	0	0	0	0	3	33.8757880773274	-3.9	230	11.3	146	-2.265	NA
264	M	0.956288974907078	3	NA	30.3	62.3	9.2	0.925	59.2	-150.7	-151.9	122.2	51.2315270935961	-1.7	0	0	88.18	NA	NA	NA	0	0	0	0	6	30.2984154348045	1.9	203	5.7	149	-2.643	2
265	L	1.0767650358226	14	enhanced	33.7	63.7	9.9	0.93	79.7	74.3	-52	-60.7	93.1937172774869	-0.6	0	0	84.54	NA	NA	NA	0	0	0	0	3	28.3913701300237	3.8	191	4.9	131	-2.026	NA
266	K	0.942872867475257	2	NA	32.7	66.8	11.9	0.373	75.2	-149.1	-61.2	129.1	58.695652173913	-0.6	0	0	66.82	28.126	67.499	9.088	0	0	0	0	4	24.7847460721307	-3.9	230	11.3	146	-1.964	NA
267	K	NA	NA	NA	31.7	65.8	15.4	0.622	18.4	-107.7	-97.9	161.4	39.5652173913043	-0.9	0	0	47.47	36.698	66.702	16.764	0	0	0	0	5	24.1583864912374	-3.9	230	11.3	146	-1.873	NA
268	D	0.83151809047764	3	NA	29.1	67.7	17.4	0.767	27.2	-124.5	-92	130.8	36.3636363636364	-6.1	0	1	39.03	26.7815	66.652	15.7495	0	0	0	0	5	22.2287565522681	-3.5	187	13	133	-1.96	NA
269	K	0.566014611726533	17	intolerant	30.3	69.8	20.3	0.584	29.9	178.4	-73.1	126.6	38.695652173913	-1.1	0	1	35.03	31.473	73.973	21.566	0	0	1	13	4	19.1296627743408	-3.9	230	11.3	146	-1.819	NA
270	M	0.255277108844622	14	intolerant	28.5	68.6	23.5	0.902	50.7	-58.9	-92.9	-64.2	0.492610837438424	-3.4	0	1	25.5	NA	NA	NA	0	0	0	0	5	20.2785827379529	1.9	203	5.7	149	-2.122	4
271	F	0.297872486912914	15	intolerant	29.9	70.8	26.3	0.958	43.9	-155.8	-168.8	175.7	0.43859649122807	-4.1	0	1	18.39	NA	NA	NA	0	0	0	0	8	17.7476048485422	2.8	228	5.2	165	-1.321	4
272	H	0.671195733447547	10	NA	33.1	71.7	28.1	0.974	4.6	-169.7	-159.5	163.1	14.3518518518519	-2.6	0	1	17.96	33.6215	75.197	26.4765	0	0	0	0	6	16.4395455490716	-3.2	216	10.4	155	-1.929	6
273	F	0.428810235198609	14	intolerant	34.4	73.1	31.5	0.971	13.4	-142.8	-160.3	146	1.31578947368421	-4.8	0	1	20.3	NA	NA	NA	0	0	0	0	8	16.0198888217116	2.8	228	5.2	165	-1.438	2
274	W	0.311094522650092	12	intolerant	37.6	74.4	33.2	0.888	24.4	168.8	-109.6	143.1	9.84848484848485	-1	0	1	21.15	38.642	76.466	29.262	0	0	0	0	6	15.8464967062124	-0.9	264	5.4	204	-1.254	4
275	V	0.355755126507328	12	intolerant	38.5	73.7	36.8	0.961	26.8	-133.6	-146.7	159.9	3.63636363636364	-6.7	0	1	24.22	NA	NA	NA	0	0	0	0	5	18.6466462898828	4.2	165	5.9	117	-2.247	2
276	N	0.267299068965543	11	intolerant	41.6	74.1	39	0.985	15.4	-136.2	-120.7	128.2	0	-2.2	0	1	21.62	43.9605	75.7815	40.126	1	2	0	0	6	20.5949604966846	-3.5	187	11.6	132	-1.132	2
277	T	0.214324896346377	13	intolerant	42.9	71.3	41.2	0.682	95.9	70.6	-54	-26.8	0.613496932515337	-3.8	0	0	25.48	45.35	71.204	40.968	2	86	0	0	8	24.3587203658156	-0.7	163	8.6	119	-0.977	8
278	F	0.368112556484487	4	NA	43.6	73.6	44.3	0.849	98.8	48.6	-59.5	-39.5	15.3508771929825	-0.6	0	0	28.48	NA	NA	NA	0	0	0	0	6	25.3911846486138	2.8	228	5.2	165	-2.074	2
279	F	0.361789988312156	14	intolerant	39.9	74.1	44.9	0.402	93.2	75.6	-87.3	3.2	13.1578947368421	-2	0	0	29.52	NA	NA	NA	0	0	0	0	5	24.6013824379851	2.8	228	5.2	165	-1.131	NA
280	I	0.436830633386837	14	intolerant	38.8	70.4	44.7	0.957	360	360	-78.7	-48.3	10.4712041884817	-1.6	0	0	35.75	NA	NA	NA	0	0	0	0	5	26.5029435697245	4.5	191	5.2	131	-1.565	NA
281	P	1.07214954551409	8	NA	40.1	69.3	48.1	0.039	360	360	-54.5	360	52.5974025974026	0	0	0	55	NA	NA	NA	0	0	0	0	3	29.9778367775262	-1.6	154	8	115	-2.131	NA
282	G	1.08222116495205	2	NA	NA	NA	NA	NA	NA	NA	NA	NA	NA	NA	NA	NA	NA	NA	NA	NA	0	0	0	0	NA	NA	-9.4	97	9	75	-1.827	NA
283	P	NA	NA	NA	NA	NA	NA	NA	NA	NA	NA	NA	NA	NA	NA	NA	NA	NA	NA	NA	0	0	0	0	NA	NA	-1.6	154	8	115	-2.223	1
284	E	1.20733782140885	1	NA	NA	NA	NA	NA	NA	NA	NA	NA	NA	NA	NA	NA	NA	NA	NA	NA	0	0	0	0	NA	NA	-3.5	214	12.3	147	-1.946	1
285	E	0.9542720812932	15	enhanced	NA	NA	NA	NA	NA	NA	NA	NA	NA	NA	NA	NA	NA	NA	NA	NA	0	0	0	0	NA	NA	-3.5	214	12.3	147	-2.012	1
286	T	1.08877066855268	7	NA	NA	NA	NA	NA	NA	NA	NA	NA	NA	NA	NA	NA	NA	NA	NA	NA	0	0	0	0	NA	NA	-0.7	163	8.6	119	-2.134	NA
287	S	1.04097981613218	13	enhanced	NA	NA	NA	NA	NA	NA	NA	NA	NA	NA	NA	NA	NA	NA	NA	NA	0	0	0	0	NA	NA	-0.8	143	9.2	105	-2.134	NA
288	E	1.0486363091702	3	NA	NA	NA	NA	NA	NA	NA	NA	NA	NA	NA	NA	NA	NA	NA	NA	NA	0	0	0	0	NA	NA	-3.5	214	12.3	147	-2.248	1
289	K	0.923480808841799	10	NA	NA	NA	NA	NA	NA	NA	NA	NA	NA	NA	NA	NA	NA	NA	NA	NA	0	0	0	0	NA	NA	-3.9	230	11.3	146	-1.946	NA
290	V	NA	NA	NA	NA	NA	NA	NA	NA	NA	NA	NA	NA	NA	NA	NA	NA	NA	NA	NA	0	0	0	0	NA	NA	4.2	165	5.9	117	-2.225	NA
291	E	NA	NA	NA	NA	NA	NA	NA	NA	NA	NA	NA	NA	NA	NA	NA	NA	NA	NA	NA	0	0	0	0	NA	NA	-3.5	214	12.3	147	-1.839	2
292	N	1.01295863499459	7	NA	NA	NA	NA	NA	NA	NA	NA	NA	NA	NA	NA	NA	NA	NA	NA	NA	0	0	0	0	NA	NA	-3.5	187	11.6	132	-1.714	NA
293	G	1.0190191222439	6	NA	NA	NA	NA	NA	NA	NA	NA	NA	NA	NA	NA	NA	NA	NA	NA	NA	0	0	0	0	NA	NA	-9.4	97	9	75	-1.713	1
294	S	0.969279215251367	9	NA	NA	NA	NA	NA	NA	NA	NA	NA	NA	NA	NA	NA	NA	NA	NA	NA	0	0	0	0	NA	NA	-0.8	143	9.2	105	-1.784	1
295	L	0.961568760861616	14	enhanced	NA	NA	NA	NA	NA	NA	NA	NA	NA	NA	NA	NA	NA	NA	NA	NA	0	0	0	0	NA	NA	3.8	191	4.9	131	-1.65	NA
296	C	0.949820488133621	4	NA	NA	NA	NA	NA	NA	NA	NA	NA	NA	NA	NA	NA	NA	NA	NA	NA	0	0	0	0	NA	NA	2.5	148	5.5	121	-2.459	1
297	D	1.07733407224445	7	NA	NA	NA	NA	NA	NA	NA	NA	NA	NA	NA	NA	NA	NA	NA	NA	NA	0	0	0	0	NA	NA	-3.5	187	13	133	-2.011	NA
298	Q	0.972511392526821	14	enhanced	NA	NA	NA	NA	NA	NA	NA	NA	NA	NA	NA	NA	NA	NA	NA	NA	0	0	0	0	NA	NA	-3.5	214	10.5	146	-2.296	NA
299	E	0.929239362373982	13	NA	NA	NA	NA	NA	NA	NA	NA	NA	NA	NA	NA	NA	NA	NA	NA	NA	0	0	0	0	NA	NA	-3.5	214	12.3	147	-1.853	NA
300	I	1.19097183212933	3	NA	NA	NA	NA	NA	NA	NA	NA	NA	NA	NA	NA	NA	NA	NA	NA	NA	0	0	0	0	NA	NA	4.5	191	5.2	131	-2.084	NA
301	D	NA	NA	NA	NA	NA	NA	NA	NA	NA	NA	NA	NA	NA	NA	NA	NA	NA	NA	NA	0	0	0	0	NA	NA	-3.5	187	13	133	-1.731	NA
302	S	NA	NA	NA	NA	NA	NA	NA	NA	NA	NA	NA	NA	NA	NA	NA	NA	NA	NA	NA	0	0	0	0	NA	NA	-0.8	143	9.2	105	-1.978	NA
303	I	1.0171505165225	15	enhanced	NA	NA	NA	NA	NA	NA	NA	NA	NA	NA	NA	NA	NA	NA	NA	NA	0	0	0	0	NA	NA	4.5	191	5.2	131	-2.436	NA
304	C	0.958330195733241	3	NA	NA	NA	NA	NA	NA	NA	NA	NA	NA	NA	NA	NA	NA	NA	NA	NA	0	0	0	0	NA	NA	2.5	148	5.5	121	-2.624	2
305	S	1.00700675090446	12	enhanced	NA	NA	NA	NA	NA	NA	NA	NA	NA	NA	NA	NA	NA	NA	NA	NA	0	0	0	0	NA	NA	-0.8	143	9.2	105	-2.017	1
306	I	0.874775183969981	13	NA	NA	NA	NA	NA	NA	NA	NA	NA	NA	NA	NA	NA	NA	NA	NA	NA	0	0	0	0	NA	NA	4.5	191	5.2	131	-2.323	NA
307	E	0.948313122939573	13	NA	NA	NA	NA	NA	NA	NA	NA	NA	NA	NA	NA	NA	NA	NA	NA	NA	0	0	0	0	NA	NA	-3.5	214	12.3	147	-1.933	4
308	R	0.944249123997385	13	NA	NA	NA	NA	NA	NA	NA	NA	NA	NA	NA	NA	NA	NA	NA	NA	NA	0	0	0	0	NA	NA	-4.5	265	10.5	174	-2.244	4
309	A	1.02508739991118	9	NA	NA	NA	NA	NA	NA	NA	NA	NA	NA	NA	NA	NA	NA	NA	NA	NA	0	0	0	0	NA	NA	1.8	121	8.1	89	-1.994	NA
310	D	1.03268481076135	7	NA	NA	NA	NA	NA	NA	NA	NA	NA	NA	NA	NA	NA	NA	NA	NA	NA	0	0	0	0	NA	NA	-3.5	187	13	133	-1.867	1
311	N	0.930467776578065	13	NA	NA	NA	NA	NA	NA	NA	NA	NA	NA	NA	NA	NA	NA	NA	NA	NA	0	0	0	0	NA	NA	-3.5	187	11.6	132	-2.046	NA
312	D	0.956246277229154	7	NA	NA	NA	NA	NA	NA	NA	NA	NA	NA	NA	NA	NA	NA	NA	NA	NA	0	0	0	0	NA	NA	-3.5	187	13	133	-1.306	1
313	K	0.948182596192609	10	NA	34.6	56.4	49.9	0	360	360	360	22.4	108.695652173913	-0.1	0	0	89.24	29.842	54.132	49.667	0	0	0	0	2	40.0248709911725	-3.9	230	11.3	146	-1.898	NA
314	E	0.87069526902653	5	NA	38.3	57	49.2	0.467	360	63.1	-142.5	-44.8	75.2336448598131	-0.3	0	0	78.49	39.369	53.577	46.4995	0	0	0	0	3	39.246866854056	-3.5	214	12.3	147	-1.843	1
315	Y	0.744987253276189	11	NA	38.7	59.7	46.6	0.379	83.3	-100	-92.1	168.1	24.7058823529412	-0.8	0	0	60.75	36.049	55.053	42.756	0	0	0	0	5	35.5705881011265	-1.3	255	6.2	181	-2.31	NA
316	L	1.118463786364	5	NA	37.9	63.4	46.5	0.713	40.9	-152.6	-84.1	132.1	16.2303664921466	-6.4	0	1	45.4	NA	NA	NA	0	0	0	0	6	32.5917007512649	3.8	191	4.9	131	-1.626	NA
317	V	NA	NA	NA	34.7	64.1	44.5	0.904	15.5	-172.5	-117.2	138	43.030303030303	-1.2	0	1	39.33	NA	NA	NA	0	0	0	0	5	30.6421307656632	4.2	165	5.9	117	-1.9	1
318	L	0.744427593973994	16	NA	33.6	67.2	42.5	0.99	9.7	-160	-126.3	122.3	20.9424083769633	-6.7	0	1	31.69	NA	NA	NA	0	0	0	0	5	27.0213311637306	3.8	191	4.9	131	-1.177	3
319	T	0.744334284088325	17	NA	30.1	67.4	41.1	0.911	2.8	-166.1	-109.9	126.9	36.1963190184049	-1.3	0	1	30.6	28.416	67.879	42.862	0	0	0	0	5	26.4136032729349	-0.7	163	8.6	119	-1.656	NA
320	L	0.399493381813167	15	intolerant	29.2	69.8	38.3	0.945	11	-149.2	-111.2	121.6	3.66492146596859	-5.5	0	1	23.19	NA	NA	NA	0	0	0	0	6	23.0933977114672	3.8	191	4.9	131	-1.259	1
321	T	0.945026124732251	17	enhanced	25.6	70.5	37.5	0.4	33.8	-99.7	-85	167.4	25.7668711656442	-3.1	0	1	24.23	24.907	72.618	38.397	0	0	0	0	6	23.3135788299437	-0.7	163	8.6	119	-2.118	1
322	K	0.555567118444952	12	intolerant	24.2	71.3	34.1	0.872	127.2	55.9	-51.8	-39	5.65217391304348	-3.4	0	0	26.75	19.183	71.216	30.597	3	15	0	0	8	21.7165530842259	-3.9	230	11.3	146	-0.976	1
323	N	NA	NA	NA	24.2	74.9	35.1	0.737	101.7	57.2	-66.5	-23.1	59.8930481283422	-0.8	0	0	29.47	21.3655	75.0485	36.2495	0	0	0	0	6	19.6372533176104	-3.5	187	11.6	132	-2.068	3
324	D	NA	NA	NA	27.9	74.6	35.9	0.453	91.3	92.3	-87	-0.9	32.0855614973262	-2.7	0	0	22.58	27.618	74.0975	39.0325	1	3	0	0	7	18.5262062457482	-3.5	187	13	133	-1.528	NA
325	L	0.37168836478239	14	intolerant	28.8	73.5	32.3	0.829	76.5	-126.4	-103.5	133.5	0	-4.3	0	0	22.53	NA	NA	NA	0	0	0	0	8	17.1885856852738	3.8	191	4.9	131	-1.333	11
326	D	NA	NA	NA	29.9	75.9	29.5	0.717	97.5	8.3	-45.2	-48.1	5.3475935828877	-2.4	0	0	31.06	32.6305	76.8485	30.2895	1	156	0	0	9	13.6802652700889	-3.5	187	13	133	-1.004	4
327	K	NA	NA	NA	27.6	75.1	26.6	0.752	123.8	61.9	-105.6	-32.3	45.2173913043478	-2	0	0	27.05	27.034	72.896	20.664	1	58	0	0	6	14.7687818678454	-3.9	230	11.3	146	-1.472	NA
328	A	NA	NA	NA	25.1	72.8	28.2	0.802	87.6	71.4	-62.2	-34.7	1.65289256198347	-3.1	0	0	16.78	NA	NA	NA	0	0	0	0	8	18.2473811233284	1.8	121	8.1	89	-1.01	1
329	N	0.671627682196785	14	intolerant	23.9	75.5	30.7	0.767	92.3	62.1	-56.4	-22.5	8.55614973262032	-2.8	0	0	24.63	25.609	77.9645	30.1835	2	4	0	0	8	17.5364459871435	-3.5	187	11.6	132	-1.421	NA
330	K	0.594896557408192	16	intolerant	22.3	77.1	27.7	0.479	74.4	94.9	-83.3	-3.4	53.0434782608696	-3.4	0	0	29.62	25.348	81.491	26.919	0	0	0	0	6	16.8549072337999	-3.9	230	11.3	146	-0.881	NA
331	D	0.437496305396576	13	intolerant	19.9	74.2	27	0.369	41.7	154	-87.3	57.6	10.1604278074866	-4.8	0	0	31.42	18.9025	71.333	26.2915	3	6	0	0	7	20.4444534742311	-3.5	187	13	133	-0.81	4
332	K	0.83813674551268	12	NA	17	75.7	28.9	0.84	67.6	62.9	-53.2	-39.1	59.5652173913044	-2.1	0	0	38.2	20.457	78.63	31.7	1	3	0	0	5	22.0811511896459	-3.9	230	11.3	146	-1.173	NA
333	A	0.954226935538272	15	enhanced	14.5	73.7	26.8	0.238	107.5	-129	-74.3	15.6	61.9834710743802	-0.8	0	0	35.15	NA	NA	NA	0	0	0	0	5	24.9871610604326	1.8	121	8.1	89	-1.69	NA
334	N	0.583459907849168	17	intolerant	16.1	70.6	28.2	0.816	67.7	131.7	36	49.5	37.4331550802139	-2.2	0	0	32.85	15.431	71.227	31.1505	1	12	0	0	8	25.7787516738107	-3.5	187	11.6	132	-1.218	1
335	R	0.981700494842477	3	NA	16.6	69.2	24.8	0.743	75.7	25.5	-98.4	-27.6	69.811320754717	-0.4	0	0	36.69	14.1115	70.759	19.3125	0	0	0	0	5	26.1786916758649	-4.5	265	10.5	174	-1.786	1
336	Y	0.693220017396421	2	NA	20.2	68.1	24.9	0.692	134.3	22.6	-105.4	-27.1	45.8823529411765	-3.4	0	0	31.68	20.347	70.314	18.939	0	0	0	0	6	24.6365167558241	-1.3	255	6.2	181	-2.412	2
337	F	0.337568396064981	15	intolerant	20.6	67.5	28.6	0.999	78.3	-129.6	-139.6	136.8	1.31578947368421	-1	0	0	34.29	NA	NA	NA	0	0	0	0	6	25.1436130629629	2.8	228	5.2	165	-1.104	1
338	S	0.642656578602826	1	NA	17.8	66.9	31.1	0.439	37.2	-97.6	-80.6	159.6	21.6783216783217	-2.3	0	0	33.29	18.047	65.108	32.691	1	1	0	0	5	27.7534105626678	-0.8	143	9.2	105	-1.068	1
339	P	0.73898724978345	2	NA	17.7	69	34.2	0.388	116.8	45.2	-67	164.2	38.961038961039	-0.2	0	0	35.87	NA	NA	NA	0	0	0	0	4	27.1711736562851	-1.6	154	8	115	-1.169	5
340	N	1.00649579948213	4	NA	19.4	67	37	0.235	80.5	144.2	82.8	-18.1	66.3101604278075	-0.5	0	0	39.05	16.516	66.3735	37.9645	0	0	0	0	3	28.6413005616016	-3.5	187	11.6	132	-1.429	NA
341	F	0.409163186963626	9	intolerant	22.2	66.2	34.5	0.296	24.9	172.3	-52.6	136.8	0.43859649122807	-3.5	0	0	28.94	NA	NA	NA	0	0	0	0	8	26.8353576063372	2.8	228	5.2	165	-1.074	11
342	K	0.855034379765435	10	NA	25.4	66.1	36.4	0.979	29.8	-149.9	-148.3	154.8	30.4347826086957	-3.6	0	1	30.06	22.816	66.619	42.224	0	0	0	0	8	26.3036597807225	-3.9	230	11.3	146	-1.261	2
343	V	0.318629162406075	17	intolerant	29	65.2	35.8	0.986	16.5	-159.8	-127.6	114	0	-5.6	0	1	22.5	NA	NA	NA	0	0	0	0	7	25.7163414555803	4.2	165	5.9	117	-0.98	1
344	K	0.903508949631819	17	NA	30.9	63.9	38.8	0.841	3.4	-157.4	-98.2	136.3	18.695652173913	-5.3	0	1	23.32	27.019	63.805	42.485	0	0	0	0	7	27.8549173012594	-3.9	230	11.3	146	-1.897	1
345	L	0.513493692963563	14	NA	34.7	64	38.8	0.926	4.2	-152.8	-112.6	137.4	1.57068062827225	-6.7	0	1	25.16	NA	NA	NA	0	0	0	0	6	27.4520854919986	3.8	191	4.9	131	-1.296	5
346	Y	0.456285235785251	15	intolerant	36.9	61.7	40.9	0.936	20	163.8	-117.4	124.7	10.1960784313725	-6	0	1	28.93	30.932	59.496	41.21	0	0	0	0	7	30.5534164678846	-1.3	255	6.2	181	-2.286	NA
347	F	0.346218594423297	16	intolerant	40.4	62.5	42.2	0.822	19	-157.2	-129.7	166.8	1.75438596491228	-6.7	0	1	30.48	NA	NA	NA	0	0	0	0	8	30.9906475869737	2.8	228	5.2	165	-1.225	1
348	T	0.283874327157469	4	NA	42.9	61.2	44.9	0.95	34.3	-98.9	-138.7	157.5	18.4049079754601	-3.7	0	1	34.71	44.393	59.627	43.776	0	0	0	0	7	34.068697624946	-0.7	163	8.6	119	-1.76	1
349	K	0.881351910244738	3	NA	45.9	63.1	46.5	0.699	18.1	-148	-86.1	119.9	53.9130434782609	-0.7	0	1	57.99	43.317	66.077	51.462	0	0	0	0	5	34.4325505569948	-3.9	230	11.3	146	-1.539	NA
350	T	NA	NA	NA	49.2	62.3	45	0.937	360	360	-46.1	-54	44.1717791411043	-1.8	0	0	74.25	50.245	64.506	44.81	1	1	0	0	4	35.2907914031409	-0.7	163	8.6	119	-1.695	NA
351	V	1.0621357109268	8	NA	50.8	62.8	48.4	0.288	360	360	-69.2	360	96.3636363636364	-0.8	0	0	81.48	NA	NA	NA	0	0	0	0	3	37.6250185097629	4.2	165	5.9	117	-1.839	NA
352	E	NA	NA	NA	NA	NA	NA	NA	NA	NA	NA	NA	NA	NA	NA	NA	NA	NA	NA	NA	0	0	0	0	NA	NA	-3.5	214	12.3	147	-1.382	NA
353	E	NA	NA	NA	NA	NA	NA	NA	NA	NA	NA	NA	NA	NA	NA	NA	NA	NA	NA	NA	0	0	0	0	NA	NA	-3.5	214	12.3	147	-1.651	NA
354	P	0.898457046672487	18	enhanced	NA	NA	NA	NA	NA	NA	NA	NA	NA	NA	NA	NA	NA	NA	NA	NA	0	0	0	0	NA	NA	-1.6	154	8	115	-1.627	1
355	S	0.957178805757598	11	NA	NA	NA	NA	NA	NA	NA	NA	NA	NA	NA	NA	NA	NA	NA	NA	NA	0	0	0	0	NA	NA	-0.8	143	9.2	105	-2.077	1
356	N	0.935585701020153	4	NA	NA	NA	NA	NA	NA	NA	NA	NA	NA	NA	NA	NA	NA	NA	NA	NA	0	0	0	0	NA	NA	-3.5	187	11.6	132	-1.671	NA
357	P	0.855357178236668	7	NA	NA	NA	NA	NA	NA	NA	NA	NA	NA	NA	NA	NA	NA	NA	NA	NA	0	0	0	0	NA	NA	-1.6	154	8	115	-1.695	3
358	E	1.04257466463967	6	NA	NA	NA	NA	NA	NA	NA	NA	NA	NA	NA	NA	NA	NA	NA	NA	NA	0	0	0	0	NA	NA	-3.5	214	12.3	147	-1.576	NA
359	A	NA	NA	NA	NA	NA	NA	NA	NA	NA	NA	NA	NA	NA	NA	NA	NA	NA	NA	NA	0	0	0	0	NA	NA	1.8	121	8.1	89	-1.5	NA
360	S	0.978379891675762	9	NA	NA	NA	NA	NA	NA	NA	NA	NA	NA	NA	NA	NA	NA	NA	NA	NA	0	0	0	0	NA	NA	-0.8	143	9.2	105	-1.38	NA
361	S	1.01890602468178	15	enhanced	NA	NA	NA	NA	NA	NA	NA	NA	NA	NA	NA	NA	NA	NA	NA	NA	0	0	0	0	NA	NA	-0.8	143	9.2	105	-1.802	NA
362	S	0.944931240074432	7	NA	NA	NA	NA	NA	NA	NA	NA	NA	NA	NA	NA	NA	NA	NA	NA	NA	0	0	0	0	NA	NA	-0.8	143	9.2	105	-1.517	NA
363	T	1.04964767373185	12	enhanced	NA	NA	NA	NA	NA	NA	NA	NA	NA	NA	NA	NA	NA	NA	NA	NA	0	0	0	0	NA	NA	-0.7	163	8.6	119	-1.775	NA
364	S	1.0416301121527	15	enhanced	NA	NA	NA	NA	NA	NA	NA	NA	NA	NA	NA	NA	NA	NA	NA	NA	0	0	0	0	NA	NA	-0.8	143	9.2	105	-1.77	2
365	V	0.923789981252913	11	NA	NA	NA	NA	NA	NA	NA	NA	NA	NA	NA	NA	NA	NA	NA	NA	NA	0	0	0	0	NA	NA	4.2	165	5.9	117	-1.881	1
366	T	1.00134460920165	11	enhanced	NA	NA	NA	NA	NA	NA	NA	NA	NA	NA	NA	NA	NA	NA	NA	NA	0	0	0	0	NA	NA	-0.7	163	8.6	119	-1.438	NA
367	P	0.977671870886931	12	NA	NA	NA	NA	NA	NA	NA	NA	NA	NA	NA	NA	NA	NA	NA	NA	NA	0	0	0	0	NA	NA	-1.6	154	8	115	-1.408	NA
368	D	0.919852004951653	9	NA	NA	NA	NA	NA	NA	NA	NA	NA	NA	NA	NA	NA	NA	NA	NA	NA	0	0	0	0	NA	NA	-3.5	187	13	133	-1.4	NA
369	V	0.795473016075674	10	NA	NA	NA	NA	NA	NA	NA	NA	NA	NA	NA	NA	NA	NA	NA	NA	NA	0	0	0	0	NA	NA	4.2	165	5.9	117	-1.653	1
370	S	0.845203534815134	12	NA	NA	NA	NA	NA	NA	NA	NA	NA	NA	NA	NA	NA	NA	NA	NA	NA	0	0	0	0	NA	NA	-0.8	143	9.2	105	-1.277	NA
371	D	0.859349054491756	13	NA	NA	NA	NA	NA	NA	NA	NA	NA	NA	NA	NA	NA	NA	NA	NA	NA	0	0	0	0	NA	NA	-3.5	187	13	133	-1.154	NA
372	N	0.884946795900577	10	NA	NA	NA	NA	NA	NA	NA	NA	NA	NA	NA	NA	NA	NA	NA	NA	NA	0	0	0	0	NA	NA	-3.5	187	11.6	132	-1.346	NA
373	E	NA	NA	NA	NA	NA	NA	NA	NA	NA	NA	NA	NA	NA	NA	NA	NA	NA	NA	NA	0	0	0	0	NA	NA	-3.5	214	12.3	147	-1.005	1
374	P	NA	NA	NA	NA	NA	NA	NA	NA	NA	NA	NA	NA	NA	NA	NA	NA	NA	NA	NA	0	0	0	0	NA	NA	-1.6	154	8	115	-1.292	NA
375	D	0.570036246175685	10	intolerant	NA	NA	NA	NA	NA	NA	NA	NA	NA	NA	NA	NA	NA	NA	NA	NA	0	0	0	0	NA	NA	-3.5	187	13	133	-1.254	2
376	H	0.962442823675529	17	enhanced	NA	NA	NA	NA	NA	NA	NA	NA	NA	NA	NA	NA	NA	NA	NA	NA	0	0	0	0	NA	NA	-3.2	216	10.4	155	-1.488	NA
377	Y	0.631102548418849	18	intolerant	NA	NA	NA	NA	NA	NA	NA	NA	NA	NA	NA	NA	NA	NA	NA	NA	0	0	0	0	NA	NA	-1.3	255	6.2	181	-1.494	NA
378	R	0.760437314839516	10	NA	NA	NA	NA	NA	NA	NA	NA	NA	NA	NA	NA	NA	NA	NA	NA	NA	0	0	0	0	NA	NA	-4.5	265	10.5	174	-1.565	NA
379	Y	0.64566807753581	8	intolerant	NA	NA	NA	NA	NA	NA	NA	NA	NA	NA	NA	NA	NA	NA	NA	NA	0	0	0	0	NA	NA	-1.3	255	6.2	181	-1.265	NA
380	S	0.301335341250576	1	NA	NA	NA	NA	NA	NA	NA	NA	NA	NA	NA	NA	NA	NA	NA	NA	NA	0	0	0	0	NA	NA	-0.8	143	9.2	105	-1.515	NA
381	D	NA	NA	NA	NA	NA	NA	NA	NA	NA	NA	NA	NA	NA	NA	NA	NA	NA	NA	NA	0	0	0	0	NA	NA	-3.5	187	13	133	-1.154	NA
382	T	NA	NA	NA	NA	NA	NA	NA	NA	NA	NA	NA	NA	NA	NA	NA	NA	NA	NA	NA	0	0	0	0	NA	NA	-0.7	163	8.6	119	-1.342	1
383	T	0.568739468291343	5	intolerant	NA	NA	NA	NA	NA	NA	NA	NA	NA	NA	NA	NA	NA	NA	NA	NA	0	0	0	0	NA	NA	-0.7	163	8.6	119	-1.204	1
384	D	0.610693313826689	4	NA	NA	NA	NA	NA	NA	NA	NA	NA	NA	NA	NA	NA	NA	NA	NA	NA	0	0	0	0	NA	NA	-3.5	187	13	133	-1.352	2
385	S	0.558989791396041	19	intolerant	NA	NA	NA	NA	NA	NA	NA	NA	NA	NA	NA	NA	NA	NA	NA	NA	0	0	0	0	NA	NA	-0.8	143	9.2	105	-1.267	NA
386	D	0.68043427561304	14	NA	NA	NA	NA	NA	NA	NA	NA	NA	NA	NA	NA	NA	NA	NA	NA	NA	0	0	0	0	NA	NA	-3.5	187	13	133	-1.128	NA
387	P	1.00777963965779	17	enhanced	NA	NA	NA	NA	NA	NA	NA	NA	NA	NA	NA	NA	NA	NA	NA	NA	0	0	0	0	NA	NA	-1.6	154	8	115	-1.395	NA
388	E	0.524752029390949	10	intolerant	NA	NA	NA	NA	NA	NA	NA	NA	NA	NA	NA	NA	NA	NA	NA	NA	0	0	0	0	NA	NA	-3.5	214	12.3	147	-1.075	NA
389	N	0.956238604822291	17	enhanced	NA	NA	NA	NA	NA	NA	NA	NA	NA	NA	NA	NA	NA	NA	NA	NA	0	0	0	0	NA	NA	-3.5	187	11.6	132	-1.224	NA
390	E	0.788603897080442	9	NA	NA	NA	NA	NA	NA	NA	NA	NA	NA	NA	NA	NA	NA	NA	NA	NA	0	0	0	0	NA	NA	-3.5	214	12.3	147	-1.316	NA
391	P	0.916313258313037	13	NA	NA	NA	NA	NA	NA	NA	NA	NA	NA	NA	NA	NA	NA	NA	NA	NA	0	0	0	0	NA	NA	-1.6	154	8	115	-1.538	NA
392	F	1.01612874970299	10	NA	NA	NA	NA	NA	NA	NA	NA	NA	NA	NA	NA	NA	NA	NA	NA	NA	0	0	0	0	NA	NA	2.8	228	5.2	165	-1.731	NA
393	D	0.941643222204988	17	enhanced	NA	NA	NA	NA	NA	NA	NA	NA	NA	NA	NA	NA	NA	NA	NA	NA	0	0	0	0	NA	NA	-3.5	187	13	133	-1.28	NA
394	E	0.908200866568953	17	NA	NA	NA	NA	NA	NA	NA	NA	NA	NA	NA	NA	NA	NA	NA	NA	NA	0	0	0	0	NA	NA	-3.5	214	12.3	147	-1.348	NA
395	D	0.962237284414773	16	enhanced	NA	NA	NA	NA	NA	NA	NA	NA	NA	NA	NA	NA	NA	NA	NA	NA	0	0	0	0	NA	NA	-3.5	187	13	133	-1.34	NA
396	Q	0.927409807496655	14	NA	NA	NA	NA	NA	NA	NA	NA	NA	NA	NA	NA	NA	NA	NA	NA	NA	0	0	0	0	NA	NA	-3.5	214	10.5	146	-1.856	NA
397	H	0.969073456162364	18	NA	NA	NA	NA	NA	NA	NA	NA	NA	NA	NA	NA	NA	NA	NA	NA	NA	0	0	0	0	NA	NA	-3.2	216	10.4	155	-1.629	2
398	T	0.986577705047205	14	NA	NA	NA	NA	NA	NA	NA	NA	NA	NA	NA	NA	NA	NA	NA	NA	NA	0	0	0	0	NA	NA	-0.7	163	8.6	119	-2.054	2
399	Q	0.99396407884345	14	enhanced	NA	NA	NA	NA	NA	NA	NA	NA	NA	NA	NA	NA	NA	NA	NA	NA	0	0	0	0	NA	NA	-3.5	214	10.5	146	-1.607	NA
400	I	1.01592516658646	17	enhanced	NA	NA	NA	NA	NA	NA	NA	NA	NA	NA	NA	NA	NA	NA	NA	NA	0	0	0	0	NA	NA	4.5	191	5.2	131	-1.302	NA
401	T	0.963241390638148	16	NA	NA	NA	NA	NA	NA	NA	NA	NA	NA	NA	NA	NA	NA	NA	NA	NA	0	0	0	0	NA	NA	-0.7	163	8.6	119	-1.32	2
402	K	1.18536697267974	3	NA	NA	NA	NA	NA	NA	NA	NA	NA	NA	NA	NA	NA	NA	NA	NA	NA	0	0	0	0	NA	NA	-3.9	230	11.3	146	-1.325	NA
403	V	1.02659010392382	13	enhanced	NA	NA	NA	NA	NA	NA	NA	NA	NA	NA	NA	NA	NA	NA	NA	NA	0	0	0	0	NA	NA	4.2	165	5.9	117	-1.329	NA
