position	start	score	variants_scored	abundance_class	xca	yca	zca	abs_tco	kappa	alpha	phi	psi	rsa	hbond_sum	helix	sheet	bfactor	sc_xca	sc_yca	sc_zca	schbond_unique_partners	schbond_partner_seq_dist	saltbridge_unique_partners	saltbridge_partner_seq_dist	crowding	substr_dist	hydro1	vol1	polarity1	weight1	AA1_psic
1	M	1.02827455371144	15	enhanced	NA	NA	NA	NA	NA	NA	NA	NA	NA	NA	NA	NA	NA	NA	NA	NA	0	0	0	0	NA	NA	1.9	203	5.7	149	-1.167
2	D	0.917546733636779	16	NA	NA	NA	NA	NA	NA	NA	NA	NA	NA	NA	NA	NA	NA	NA	NA	NA	0	0	0	0	NA	NA	-3.5	187	13	133	-1.604
3	G	1.05302899711008	16	enhanced	NA	NA	NA	NA	NA	NA	NA	NA	NA	NA	NA	NA	NA	NA	NA	NA	0	0	0	0	NA	NA	-9.4	97	9	75	-2.405
4	T	1.0399307078578	19	enhanced	NA	NA	NA	NA	NA	NA	NA	NA	NA	NA	NA	NA	NA	NA	NA	NA	0	0	0	0	NA	NA	-0.7	163	8.6	119	-1.987
5	R	0.994251800048145	17	enhanced	NA	NA	NA	NA	NA	NA	NA	NA	NA	NA	NA	NA	NA	NA	NA	NA	0	0	0	0	NA	NA	-4.5	265	10.5	174	-2.08
6	T	0.951956455498335	17	enhanced	NA	NA	NA	NA	NA	NA	NA	NA	NA	NA	NA	NA	NA	NA	NA	NA	0	0	0	0	NA	NA	-0.7	163	8.6	119	-1.797
7	S	0.964965862700168	14	NA	NA	NA	NA	NA	NA	NA	NA	NA	NA	NA	NA	NA	NA	NA	NA	NA	0	0	0	0	NA	NA	-0.8	143	9.2	105	-2.099
8	L	0.984907762578094	17	enhanced	NA	NA	NA	NA	NA	NA	NA	NA	NA	NA	NA	NA	NA	NA	NA	NA	0	0	0	0	NA	NA	3.8	191	4.9	131	-1.999
9	D	0.882446670798284	15	NA	NA	NA	NA	NA	NA	NA	NA	NA	NA	NA	NA	NA	NA	NA	NA	NA	0	0	0	0	NA	NA	-3.5	187	13	133	-1.812
10	I	0.959185185772607	16	NA	NA	NA	NA	NA	NA	NA	NA	NA	NA	NA	NA	NA	NA	NA	NA	NA	0	0	0	0	NA	NA	4.5	191	5.2	131	-1.972
11	E	0.940249666550789	17	NA	NA	NA	NA	NA	NA	NA	NA	NA	NA	NA	NA	NA	NA	NA	NA	NA	0	0	0	0	NA	NA	-3.5	214	12.3	147	-2.054
12	E	0.930676314841084	18	NA	NA	NA	NA	NA	NA	NA	NA	NA	NA	NA	NA	NA	NA	NA	NA	NA	0	0	0	0	NA	NA	-3.5	214	12.3	147	-1.643
13	Y	0.974092869164678	17	enhanced	NA	NA	NA	NA	NA	NA	NA	NA	NA	NA	NA	NA	NA	NA	NA	NA	0	0	0	0	NA	NA	-1.3	255	6.2	181	-1.744
14	S	0.833016289616132	15	enhanced	NA	NA	NA	NA	NA	NA	NA	NA	NA	NA	NA	NA	NA	NA	NA	NA	0	0	0	0	NA	NA	-0.8	143	9.2	105	-1.883
15	D	0.974405287661486	17	NA	NA	NA	NA	NA	NA	NA	NA	NA	NA	NA	NA	NA	NA	NA	NA	NA	0	0	0	0	NA	NA	-3.5	187	13	133	-1.729
16	T	0.961225234373019	16	enhanced	NA	NA	NA	NA	NA	NA	NA	NA	NA	NA	NA	NA	NA	NA	NA	NA	0	0	0	0	NA	NA	-0.7	163	8.6	119	-2.192
17	E	0.934426552707217	12	NA	37.7	4.9	1.1	0	360	360	360	-36.2	88.3177570093458	-1.4	0	0	32.31	39.5035	3.859	-2.747	1	3	1	3	4	22.6182271471703	-3.5	214	12.3	147	-1.549
18	V	0.95464673594613	12	NA	36.7	1.8	3.1	0.869	360	25.2	-54.4	-49.1	47.2727272727273	-0.7	0	0	29.08	NA	NA	NA	0	0	0	0	4	21.7933697008369	4.2	165	5.9	117	-1.877
19	Q	0.695778082868088	5	intolerant	33.2	2.8	4.2	0.31	89.3	115.5	-98.5	9.7	4.20560747663551	-2.8	0	0	23.25	33.3655	3.2695	8.6625	2	179	0	0	7	18.1929386703416	-3.5	214	10.5	146	-1.444
20	K	0.991251725616887	17	enhanced	32.6	5.1	1.3	0.718	73.7	47.5	-60.3	-28.8	42.6086956521739	-2	0	0	24.38	35.777	3.392	-2.992	1	3	1	3	7	18.7031416711712	-3.9	230	11.3	146	-1.806
21	N	1.06623733104493	13	enhanced	29.8	3.2	-0.4	0.322	77.1	125.2	-98.7	8.7	66.3101604278075	-1.2	0	0	22.34	31.4045	2.9595	-2.967	0	0	0	0	4	18.9159576502604	-3.5	187	11.6	132	-1.918
22	Q	0.9865228884768	18	enhanced	27.7	2.6	2.8	0.544	35.4	-178.9	-70.4	124.4	32.7102803738318	-3.2	0	0	18.08	28.592	-0.473	4.068	0	0	0	0	5	15.76908826583	-3.5	214	10.5	146	-2.122
23	V	1.01572293263702	16	enhanced	24.2	3.9	2.2	0.892	3.6	-172.7	-131.7	99	65.4545454545455	-0.7	0	0	15.06	NA	NA	NA	0	0	0	0	4	14.1998296791671	4.2	165	5.9	117	-1.534
24	L	0.915024044546591	17	enhanced	21.6	3.6	5	0.642	17.6	-132	-87.1	151.3	15.7068062827225	-0.9	0	0	14.37	NA	NA	NA	0	0	0	0	3	11.5181705937378	3.8	191	4.9	131	-1.877
25	T	0.762999203095071	16	NA	18	4.5	4.5	0.671	16.6	-121.2	-101.5	157.4	33.7423312883436	-2.3	0	0	16.07	16.587	2.523	4.817	1	3	0	0	5	11.4692481805237	-0.7	163	8.6	119	-1.844
26	L	0.795230445097475	17	NA	15.7	6.6	6.7	0.879	115.3	56.5	-61.5	-35.4	36.6492146596859	-3.3	1	0	15.26	NA	NA	NA	0	0	0	0	5	9.372702104278	3.8	191	4.9	131	-1.836
27	E	0.917547866924012	18	NA	13.4	3.6	7.1	0.892	103	54.6	-64.1	-41	54.2056074766355	-3.5	1	0	18.08	12.451	5.282	3.9115	0	0	0	0	7	11.8569710684203	-3.5	214	12.3	147	-1.383
28	E	0.946072412034542	16	enhanced	16.3	1.6	8.5	0.925	110.6	46	-57.7	-46.4	43.9252336448598	-2.3	1	0	16.72	19.044	0.137	5.3305	1	3	0	0	7	11.2048601147039	-3.5	214	12.3	147	-1.998
29	W	0.692362526922748	16	intolerant	16.9	4.3	11.1	0.915	112.5	49.2	-62.3	-45.1	17.8030303030303	-3.6	1	0	14.13	20.791	6.231	9.452	0	0	0	0	7	7.62899130763044	-0.9	264	5.4	204	-0.563
30	Q	0.929053565910472	18	NA	13.2	4.6	12	0.907	108.3	55.2	-61.5	-39.4	30.3738317757009	-5.3	1	0	15.47	10.8015	7.003	9.149	0	0	0	0	8	9.31886060188451	-3.5	214	10.5	146	-2.179
31	D	0.924815409383201	16	NA	13.1	0.8	12.3	0.866	100.1	59.5	-60.6	-39.4	47.0588235294118	-6.2	1	0	17.79	11.9695	-0.5175	9.7725	0	0	0	0	9	12.1452414628151	-3.5	187	13	133	-2.229
32	K	0.946854750413963	18	NA	15.9	0.9	14.9	0.931	108.1	45.8	-53.5	-45.5	25.6521739130435	-4.8	1	0	16.32	21.632	1.735	12.23	0	0	0	0	8	10.6181362518481	-3.9	230	11.3	146	-1.739
33	W	0.708737365682581	16	NA	13.7	3.1	17	0.946	112.5	49	-63.3	-49.2	2.27272727272727	-3	1	0	16.07	16.182	6.871	16.434	1	1213	0	0	7	10.2927988599749	-0.9	264	5.4	204	-0.597
34	V	0.905826154049985	18	enhanced	10.6	0.9	16.6	0.885	115.7	45.9	-54.6	-40.2	60	-2.9	1	0	19.13	NA	NA	NA	0	0	0	0	6	13.8008602896898	4.2	165	5.9	117	-2.876
35	N	1.01792850651515	16	enhanced	12.8	-2.1	17.5	0.477	111.4	-117.6	-86.9	-4.1	59.3582887700535	-3.5	1	0	20.14	12.5405	-3.517	14.7145	0	0	0	0	7	15.0633709618909	-3.5	187	11.6	132	-2.397
36	G	1.00896733039735	17	enhanced	14.5	-0.6	20.5	0.67	67.4	141.1	76	17.8	56.701030927835	-3.5	0	0	19.29	NA	NA	NA	0	0	0	0	6	14.1227945730907	-9.4	97	9	75	-1.818
37	K	0.998909768894441	17	enhanced	18	-0.9	18.9	0.585	22.2	123.8	-92.8	73.6	66.0869565217391	-2.8	0	0	17.69	18.108	-5.921	18.781	0	0	0	0	5	12.7133723159761	-3.9	230	11.3	146	-2.39
38	T	0.881215441608791	15	NA	19.2	2.5	20.2	0.245	12.9	142.2	-129.9	40.6	15.3374233128834	-3.9	0	0	16.48	17.453	2.891	21.915	0	0	0	0	6	10.2855608946404	-0.7	163	8.6	119	-1.622
39	A	0.989307914770414	15	enhanced	22.4	1.6	22.1	0.671	63.5	74.1	-65.3	-14.8	52.8925619834711	-0.5	0	0	17.08	NA	NA	NA	0	0	0	0	4	12.3928989641463	1.8	121	8.1	89	-2.186
40	F	0.742436986480255	16	NA	24	4.8	20.9	0.726	75.6	104.3	-62.4	-22.5	27.6315789473684	-0.7	0	0	14.95	NA	NA	NA	0	0	0	0	4	9.90292606937652	2.8	228	5.2	165	-0.9
41	H	0.848618879841971	15	NA	21.8	6.6	23.4	0.465	61.8	-154.2	-72.4	131.3	7.87037037037037	-3	0	0	14.36	19.262	8.5765	25.332	0	0	0	0	5	10.413615179138	-3.2	216	10.4	155	-0.881
42	Q	0.908267629556567	15	NA	23.6	7.9	26.6	0.876	6	-168.4	-110.5	99.7	20.0934579439252	-2	0	0	14.88	27.7875	8.726	25.384	0	0	0	0	5	13.411505210388	-3.5	214	10.5	146	-1.883
43	E	0.92291628680238	15	NA	21.1	8.1	29.5	0.788	90.3	44.7	-57.3	-34.6	62.6168224299065	-1.2	0	0	18.97	21.164	4.38	28.6375	0	0	0	0	4	15.7724149073078	-3.5	214	12.3	147	-2.321
44	Q	0.96803420482178	15	enhanced	23.5	10	31.7	0.489	115.9	-123	-90.4	-5.3	73.3644859813084	-0.5	0	0	19.21	22.263	8.8125	34.599	0	0	0	0	4	18.078996834828	-3.5	214	10.5	146	-2.274
45	G	0.854579649508114	16	NA	24.6	12.3	28.8	0.022	43.7	-35.7	85.8	169.3	4.12371134020619	-1.9	0	0	17.15	NA	NA	NA	0	0	0	0	6	15.6091138648108	-9.4	97	9	75	-2.213
46	H	0.810327028867093	14	NA	27.8	13.1	27.2	0.446	46	-158.2	-73.1	121.9	0.462962962962963	-2.6	0	0	15.14	30.5015	13.219	24.525	1	191	0	0	5	15.5450196411786	-3.2	216	10.4	155	-1.693
47	Q	0.951129308962883	14	NA	30.7	13.2	29.7	0.82	90.2	51.9	-76.6	-27	51.4018691588785	-2.9	1	0	15.41	29.061	11.9135	32.4085	1	2	0	0	5	19.1863933606627	-3.5	214	10.5	146	-2.605
48	L	0.784651736997195	10	NA	33	15.4	27.6	0.91	112.1	47.1	-72	-38.9	9.42408376963351	-2.5	1	0	15.58	NA	NA	NA	0	0	0	0	6	19.4166638649545	3.8	191	4.9	131	-1.847
49	L	0.654822128019588	15	intolerant	30.3	17.9	27.1	0.937	109.7	54.1	-64.7	-42.5	0	-2.3	1	0	15.16	NA	NA	NA	0	0	0	0	8	18.1880435053834	3.8	191	4.9	131	-0.883
50	K	0.848503151082164	17	NA	29.5	17.8	30.8	0.943	109.1	49.3	-56.1	-47.1	56.5217391304348	-3.4	1	0	16.59	29.219	16.013	36.103	0	0	0	0	7	20.6004077455033	-3.9	230	11.3	146	-2.382
51	K	0.957812340581894	13	NA	33.2	18.5	31.6	0.884	122.3	30.9	-55.6	-45.7	60.4347826086956	-2.8	1	0	17.8	39.436	17.305	30.738	1	167	1	167	6	23.3741208723177	-3.9	230	11.3	146	-1.88
52	H	0.932627435484816	12	NA	33.5	21.5	29.2	0.442	88	103.8	-98.5	-0.7	12.037037037037	-5.1	1	0	17.39	36.5675	19.8535	27.7015	0	0	0	0	7	23.0570249442766	-3.2	216	10.4	155	-1.564
53	L	0.776936458989724	18	NA	29.9	22.9	29.3	0.87	81.8	47.2	-54.6	-48.3	2.09424083769634	-4.4	1	0	17.96	NA	NA	NA	0	0	0	0	8	21.9745129061558	3.8	191	4.9	131	-1.96
54	D	0.798343730406199	13	NA	30.6	25.9	31.6	0.9	112.4	50.4	-61.3	-40.2	63.6363636363636	-1.7	1	0	19.69	29.5305	25.0805	34.382	0	0	0	0	7	25.603428733616	-3.5	187	13	133	-2.067
55	T	0.898902772776501	14	NA	33.6	26.9	29.5	0.96	111.4	48.4	-62.3	-49.4	63.8036809815951	-1.7	1	0	21.49	35.562	25.708	30.465	0	0	0	0	7	26.2668553540404	-0.7	163	8.6	119	-2.32
56	F	0.878599040888165	14	NA	31.6	26.7	26.3	0.839	118.2	40.3	-58.8	-35.8	1.75438596491228	-3.3	1	0	19.46	NA	NA	NA	0	0	0	0	6	23.3237416928271	2.8	228	5.2	165	-2.154
57	L	0.862538779375577	4	NA	28.8	28.8	27.9	0.451	81.7	136	-96.3	-0.6	8.90052356020942	-5	1	0	20.17	NA	NA	NA	0	0	0	0	6	24.5110093855633	3.8	191	4.9	131	-1.596
58	K	1.16195288163078	7	NA	31	31.3	29.7	0.253	83.2	-0.9	-54.9	122.3	74.3478260869565	-2.1	0	0	23.13	35.803	33.603	32.937	0	0	0	0	7	28.1903984171447	-3.9	230	11.3	146	-2.504
59	G	0.915839838793642	16	NA	29.6	34.8	29.3	0.459	106	127.9	78.6	4	87.6288659793814	-0.8	0	0	25.01	NA	NA	NA	0	0	0	0	3	30.1711809997115	-9.4	97	9	75	-1.92
60	K	0.980532152213675	17	enhanced	26.8	33.5	27	0.744	34	-179.2	-101.7	139.4	42.1739130434783	-3.2	0	0	24.46	31.095	33.05	24.137	0	0	0	0	5	27.1683324882129	-3.9	230	11.3	146	-2.202
61	S	1.09112442418913	10	NA	23.1	34.2	27.4	0.998	63	-6.3	-139.9	131.8	77.6223776223776	-0.6	0	0	22.56	21.488	35.63	28.597	0	0	0	0	4	27.2881639211964	-0.8	143	9.2	105	-2.244
62	G	0.946492250031607	19	enhanced	20.1	33	25.4	0.894	78.1	175	54.4	47.9	51.5463917525773	-1	0	0	19.32	NA	NA	NA	0	0	0	0	5	25.1060579290246	-9.4	97	9	75	-1.596
63	L	0.904544779288626	17	NA	22	31.3	22.6	0.411	33.1	-124.2	-75.5	158.8	8.37696335078534	-3.4	0	0	17.49	NA	NA	NA	0	0	0	0	6	22.4719857764181	3.8	191	4.9	131	-2.341
64	R	0.503691070270853	18	intolerant	20.2	29.3	19.9	0.961	32.3	-167.4	-100.7	126.1	30.188679245283	-3.9	0	1	15.24	16.485	29.1675	14.9525	2	81	0	0	8	19.574383520052	-4.5	265	10.5	174	-1.615
65	V	0.164708253114127	16	intolerant	21.7	25.8	19.9	0.94	6.6	-153.6	-123	128.6	0	-6.3	0	1	12.58	NA	NA	NA	0	0	0	0	7	16.3597215804574	4.2	165	5.9	117	-1.195
66	F	0.161699125581828	19	intolerant	21.2	23.2	17.1	0.901	5.5	-165.7	-107.3	137.5	0	-5.6	0	1	12.19	NA	NA	NA	0	0	0	0	7	12.9925118017016	2.8	228	5.2	165	-1.161
67	F	0.316432795623475	14	intolerant	21.3	19.3	17.6	0.9	13.5	-155.3	-118.1	95.1	1.75438596491228	-5.2	0	1	10.91	NA	NA	NA	0	0	0	0	6	9.47187987528879	2.8	228	5.2	165	-1.931
68	P	0.0765310510957074	17	intolerant	21.6	17.6	14.2	0.482	79.8	3	-65.6	142.8	1.2987012987013	-0.5	0	0	10.89	NA	NA	NA	0	0	0	0	7	7.13703523938788	-1.6	154	8	115	-0.604
69	L	0.715847005819981	19	NA	20.2	13.9	14.2	0.932	86.7	176.2	51.4	54	21.9895287958115	-0.8	0	0	10.34	NA	NA	NA	0	0	0	0	8	3.26773193641468	3.8	191	4.9	131	-0.712
70	C	0.558327521776834	16	intolerant	19.3	14.5	17.8	0.603	9.2	-178.5	-77.8	-15.9	5.40540540540541	-5.2	0	0	11.16	NA	NA	NA	0	0	0	0	10	5.47840381606731	2.5	148	5.5	121	-0.872
71	G	0.571703973152889	15	intolerant	17.5	11.2	18.7	0.315	74.1	-42.5	51.1	-130.1	6.18556701030928	-0.8	0	0	12.48	NA	NA	NA	0	0	0	0	8	5.38202895241452	-9.4	97	9	75	-0.474
72	K	0.660355166392542	16	intolerant	16.4	11.8	22.4	0.165	80.4	-179.8	-117.8	38.4	8.26086956521739	-0.5	0	0	13.16	14.961	6.181	25.019	2	30	2	30	5	9.24128283150672	-3.9	230	11.3	146	-0.84
73	A	0.676264426463775	14	NA	19.7	13.4	23.4	0.096	22.6	-151.3	-48.1	116	12.396694214876	-4.7	0	0	12.53	NA	NA	NA	0	0	0	0	8	9.82661502844979	1.8	121	8.1	89	-1.712
74	V	0.76292136895504	16	NA	19.4	14.3	27.1	0.755	88.5	75	-63.8	-21	7.27272727272727	-2.7	0	0	13.98	NA	NA	NA	0	0	0	0	6	13.6404231875531	4.2	165	5.9	117	-2.04
75	E	0.620710377782515	19	intolerant	21.8	17.2	26.6	0.68	78.3	73.6	-70	-17.4	3.27102803738318	-2.4	1	0	13.48	23.7055	14.077	25.3025	1	29	0	0	6	14.3391834181439	-3.5	214	12.3	147	-1.754
76	M	0.281529810148298	18	intolerant	19.1	19.2	24.9	0.918	97.1	49.2	-59.4	-38.1	0	-4.1	1	0	14.56	NA	NA	NA	0	0	0	0	7	13.9075446891603	1.9	203	5.7	149	-1.384
77	K	0.902190363431546	16	NA	17.5	19.7	28.3	0.832	102.3	63	-71.4	-28.8	19.5652173913043	-4.6	1	0	15.2	14.177	19.938	32.312	0	0	1	4	8	17.1338638429889	-3.9	230	11.3	146	-2.296
78	W	0.662534605041749	16	intolerant	20.9	20.8	29.7	0.92	109.5	40	-59	-44	18.1818181818182	-1.8	1	0	14.12	22.117	16.708	30.812	0	0	0	0	7	18.7418156491426	-0.9	264	5.4	204	-1.007
79	F	0.505072832441105	17	intolerant	20.9	23.7	27.3	0.896	115.1	50	-72.7	-43.6	0	-4.4	1	0	12.91	NA	NA	NA	0	0	0	0	8	18.6769575877748	2.8	228	5.2	165	-1.8
80	A	0.607218536369136	19	intolerant	17.2	24.6	27.7	0.877	107.6	55.4	-59.6	-40.9	7.43801652892562	-3.9	1	0	14.6	NA	NA	NA	0	0	0	0	10	19.7756438628451	1.8	121	8.1	89	-1.564
81	D	0.697328226082139	17	intolerant	17.6	24.5	31.6	0.738	105.2	54.4	-64.2	-24.4	55.0802139037433	-3.5	1	0	17.02	16.5805	21.7235	32.5805	0	0	1	4	7	22.5497365275697	-3.5	187	13	133	-1.942
82	R	0.870374393117191	18	NA	20.4	27.1	31.2	0.275	127.1	-97.1	-95.9	9.1	47.1698113207547	-1.7	0	0	17.43	23.723	22.4215	33.1185	1	4	0	0	6	23.8261429986073	-4.5	265	10.5	174	-2.241
83	G	0.452328075740529	15	intolerant	18.2	29.5	29.3	0.54	82.5	125.8	93	8.7	52.5773195876289	-2.2	0	0	17.2	NA	NA	NA	0	0	0	0	6	24.366028870486	-9.4	97	9	75	-1.004
84	H	0.638289535516756	19	intolerant	19.2	28.7	25.7	0.61	59.9	-119.6	-96.4	153.6	2.77777777777778	-3.1	0	0	16.12	22.6055	29.3885	27.047	1	21	0	0	9	21.5442432557472	-3.2	216	10.4	155	-1.723
85	S	1.00748841915382	17	enhanced	16.7	27.8	22.9	0.86	29.4	-156.4	-99.2	134.6	28.6713286713287	-6.3	0	1	17.09	16.832	29.515	21.301	0	0	0	0	6	19.6199235289282	-0.8	143	9.2	105	-2.368
86	V	0.160728808441502	18	intolerant	17.3	24.4	21.4	0.892	13.9	-176	-116.7	134.2	1.21212121212121	-6.1	0	1	14.52	NA	NA	NA	0	0	0	0	7	15.8652106311861	4.2	165	5.9	117	-0.856
87	V	0.625725482076044	15	intolerant	16.3	23	17.9	0.999	10.3	-179.6	-125.7	134.9	4.84848484848485	-5.6	0	1	13.03	NA	NA	NA	0	0	0	0	7	13.484565561111	4.2	165	5.9	117	-1.59
88	G	0.185380998952114	17	intolerant	16.9	19.4	16.9	0.894	17.9	-146.7	-125.4	160.6	0	-6	0	1	12.68	NA	NA	NA	0	0	0	0	8	9.74129444492927	-9.4	97	9	75	-0.593
89	V	0.69448919448488	17	intolerant	16.2	17.4	13.8	0.999	25.2	162.6	-129	130.5	1.21212121212121	-4.3	0	1	11.97	NA	NA	NA	0	0	0	0	8	7.75764955084457	4.2	165	5.9	117	-1.329
90	E	0.732738733488482	17	NA	15.3	13.7	14	0.971	32.8	-151.3	-150.4	124.1	7.47663551401869	-3.3	0	0	11.1	16.314	10.6465	15.036	3	1156	0	0	8	5.61525836927554	-3.5	214	12.3	147	-0.783
91	I	0.763266814993672	19	NA	13.7	11.5	11.4	0.796	78.6	82.9	-67.6	-28.6	17.2774869109948	-1.3	0	0	13.05	NA	NA	NA	0	0	0	0	6	6.86924365355465	4.5	191	5.2	131	-1.909
92	S	0.554267200228223	15	intolerant	12	9.2	14	0.683	55.5	-169	-87.3	113.1	2.7972027972028	-2.4	0	0	13.8	11.9	7.44	15.727	2	3	0	0	7	8.14124399747645	-0.8	143	9.2	105	-1.303
93	E	0.873275320421577	8	NA	8.8	10.4	15.5	0.863	92.1	58.3	-60.2	-34.9	34.5794392523364	-3.6	1	0	14.67	4.413	10.789	14.625	1	26	1	26	5	11.3180651739152	-3.5	214	12.3	147	-1.651
94	L	1.01964379468679	14	enhanced	9.1	7.6	18.1	0.927	105.1	48	-62	-44.8	34.5549738219895	-3.3	1	0	15.53	NA	NA	NA	0	0	0	0	6	12.0573756834521	3.8	191	4.9	131	-2.032
95	G	NA	NA	NA	12.5	9	19.3	0.93	111.3	50.7	-62.2	-44.9	0	-2.8	1	0	14.68	NA	NA	NA	0	0	0	0	9	9.35512009587608	-9.4	97	9	75	-1.785
96	I	NA	NA	NA	11.1	12.5	19.5	0.924	111.4	48.1	-56.9	-46.1	0	-4.3	1	0	14.16	NA	NA	NA	0	0	0	0	7	10.6495505329436	4.5	191	5.2	131	-1.601
97	Q	0.893796442145825	14	NA	8.1	11.2	21.6	0.902	108.8	53.8	-63.1	-40.5	25.7009345794392	-5.5	1	0	15.81	4.7685	9.766	19.0225	0	0	0	0	7	14.1555000299945	-3.5	214	10.5	146	-2.213
98	E	0.796256992056795	10	NA	10.5	9.3	23.8	0.871	105.3	55.6	-62.2	-38.1	26.1682242990654	-6	1	0	15.96	12.093	5.34	22.3635	1	26	1	26	8	13.7428553076959	-3.5	214	12.3	147	-1.948
99	F	0.107669423813949	11	intolerant	12.4	12.5	24.4	0.965	111	42.1	-56.1	-52.3	0	-5	1	0	14.63	NA	NA	NA	0	0	0	0	8	13.0427046556892	2.8	228	5.2	165	-1.012
100	F	0.0976009227535823	12	intolerant	9.4	14.4	25.6	0.906	116.5	49.4	-65.9	-40.5	0.43859649122807	-5	1	0	15.38	NA	NA	NA	0	0	0	0	9	16.1835022394887	2.8	228	5.2	165	-1.115
101	T	1.01578087500506	13	NA	8.2	11.4	27.7	0.938	114.4	44.1	-61.5	-47.4	66.2576687116564	-4	1	0	19.01	6.721	10.16	26.205	1	4	0	0	7	18.1254963370058	-0.7	163	8.6	119	-2.489
102	E	0.75858615748944	10	NA	11.6	10.9	29.3	0.822	115.9	45.9	-71.5	-32.5	44.392523364486	-3.6	1	0	19.57	14.317	8.0695	27.201	1	30	1	30	7	17.4859096316042	-3.5	214	12.3	147	-1.208
103	Q	0.876391714099598	18	NA	12.2	14.5	30.1	0.373	109	-124.2	-87.8	2.1	21.0280373831776	-3.1	0	0	19.11	15.617	14.4605	29.5665	0	0	0	0	6	18.32971207454	-3.5	214	10.5	146	-1.973
104	N	0.849610427082556	11	NA	8.7	14.9	31.4	0.926	59.8	147.5	51.6	52.6	80.2139037433155	-2	0	0	21.1	6.829	14.971	33.9265	0	0	0	0	6	21.2079273173777	-3.5	187	11.6	132	-2.067
105	L	0.605308413943498	12	intolerant	7.9	17.7	29	0.968	43.2	-138.4	-119.7	128.7	17.8010471204188	-3.1	0	0	19.83	NA	NA	NA	0	0	0	0	5	20.549630370688	3.8	191	4.9	131	-1.448
106	S	0.935896986651757	15	NA	4.5	18.5	27.4	0.499	31	173.8	-74.1	154.9	57.3426573426573	-3.8	0	0	18.09	3.551	20.479	28.534	0	0	0	0	5	21.9683069072676	-0.8	143	9.2	105	-2.245
107	Y	0.518582884526292	14	intolerant	4.5	19.5	23.8	0.943	21.5	-151.1	-151.8	171.1	28.2352941176471	-1	0	1	16.24	3.688	13.378	21.74	0	0	0	0	6	20.3861940629412	-1.3	255	6.2	181	-1.805
108	S	0.882276729294464	14	NA	2.2	20.2	20.8	0.868	21.9	-119.2	-142.3	173.9	48.2517482517483	-5.4	0	1	14.34	2.034	22.622	20.707	0	0	0	0	5	21.3345285481517	-0.8	143	9.2	105	-2.215
109	E	0.953919813642015	13	enhanced	2.7	19.8	17.1	0.849	21.4	178.4	-123.5	151.6	42.5233644859813	-0.7	0	1	14.17	1.4635	15.5645	17.1935	1	10	1	10	5	19.831363112942	-3.5	214	12.3	147	-1.949
110	E	0.955386325198953	13	enhanced	2.7	22	13.9	0.962	35.2	-101.4	-138.7	158.5	41.1214953271028	-5.1	0	1	14.78	3.9245	26.0775	15.255	0	0	1	12	5	20.703281672437	-3.5	214	12.3	147	-1.963
111	P	1.01233532535899	15	enhanced	3.2	21.2	10.3	0.486	19.3	-131.7	-72.6	149.7	56.4935064935065	-1.3	0	1	14.72	NA	NA	NA	0	0	0	0	5	20.1870935187693	-1.6	154	8	115	-2.035
112	I	0.701859801194453	12	NA	6.5	21.9	8.6	0.889	28.9	-163.1	-91.2	98.6	3.66492146596859	-4.3	0	0	14.14	NA	NA	NA	0	0	0	0	7	18.3873108224393	4.5	191	5.2	131	-2.161
113	T	0.941096223501422	16	NA	4.7	23.5	5.7	0.782	80	57.5	-62.5	-28	66.2576687116564	-1.5	0	0	15.25	5.092	25.947	5.692	0	0	0	0	5	21.6360796988627	-0.7	163	8.6	119	-2.265
114	E	0.813214990626558	16	NA	7.6	23.4	3.3	0.704	108.9	46.4	-73.8	-20.2	33.6448598130841	-0.6	0	0	13.27	8.7965	25.854	6.0375	0	0	0	0	4	20.7515856833135	-3.5	214	12.3	147	-2.05
115	I	0.946929177478086	4	NA	7.9	19.6	3.6	0.839	91.4	-138.2	-128.2	84.8	8.37696335078534	-3.6	0	0	14.12	NA	NA	NA	0	0	0	0	5	18.2883728390246	4.5	191	5.2	131	-2.249
116	P	0.846720996995293	14	NA	4.4	18.1	3.2	0.109	83.9	25.6	-51.7	138.7	77.9220779220779	-0.2	0	0	15.42	NA	NA	NA	0	0	0	0	4	20.3799455617323	-1.6	154	8	115	-2.169
117	G	NA	NA	NA	3.7	15.2	5.6	0.388	100.9	102.8	93.1	-3.3	92.7835051546392	-0.6	0	0	16.15	NA	NA	NA	0	0	0	0	3	18.8922109781949	-9.4	97	9	75	-1.816
118	T	0.918432965489918	14	NA	6.1	16.3	8.3	0.729	50.2	-157.7	-114.4	162.2	17.7914110429448	-4.3	0	0	15.58	7.783	17.879	7.426	1	3	0	0	5	16.0526400889837	-0.7	163	8.6	119	-2.834
119	K	0.678709577253857	15	intolerant	5.7	18	11.7	0.944	14.5	-135.9	-138.2	151	28.2608695652174	-4	0	1	15.5	2.269	13.88	14.009	2	26	2	26	7	16.2505031868692	-3.9	230	11.3	146	-2.076
120	V	0.806162142316755	13	NA	7.7	20	14.2	0.934	20.8	-144.1	-104.8	135.3	7.27272727272727	-5.6	0	1	13.7	NA	NA	NA	0	0	0	0	8	15.4640474300021	4.2	165	5.9	117	-2.064
121	F	0.456502514526694	17	intolerant	7.2	19.1	17.9	0.914	16.8	-163.2	-103.6	120	0	-6.8	0	1	13.57	NA	NA	NA	0	0	0	0	7	15.8443858485381	2.8	228	5.2	165	-1.984
122	K	0.744112886813772	19	NA	7.3	22.1	20.2	0.9	17.6	-127.4	-114.3	120.8	30.4347826086957	-5.6	0	1	15.16	6.261	27.014	16.842	0	0	1	12	6	18.2092034474351	-3.9	230	11.3	146	-2.131
123	S	0.593895448425163	10	intolerant	7.8	21.9	23.9	0.348	20.7	-127.3	-57.1	140.3	4.1958041958042	-5.7	0	1	15.46	9.635	23.348	24.739	2	5	0	0	8	19.3480066910614	-0.8	143	9.2	105	-2.16
124	S	0.995664963054197	17	enhanced	5.1	23.8	25.8	0.824	109	67.5	-58.6	-30.5	52.4475524475524	-3.5	0	0	18.23	3.355	22.135	26.281	0	0	0	0	6	23.1363444745411	-0.8	143	9.2	105	-2.245
125	S	0.942463521085111	12	NA	8	25.6	27.6	0.676	106.1	-129.2	-61.7	-20.7	44.7552447552448	-0.9	0	0	19.37	10.037	24.421	27.191	1	2	0	0	5	23.5292745939469	-0.8	143	9.2	105	-2.271
126	G	0.80135737330148	7	NA	8.8	27.3	24.3	0.474	84.9	96.6	86.6	2.4	61.8556701030928	-2	0	0	17.66	NA	NA	NA	0	0	0	0	5	22.5772206037431	-9.4	97	9	75	-1.717
127	N	0.942746702775366	11	NA	12.5	26.3	24.6	0.561	74.6	49.5	-105.6	-12.8	36.3636363636364	-3.8	0	0	16.99	12.4865	27.6715	27.3545	0	0	0	0	6	20.3575842290933	-3.5	187	11.6	132	-2.076
128	I	0.174460407475672	18	intolerant	12.8	23.1	22.5	0.992	53.4	177.6	-135.9	124.9	0.523560209424084	-4	0	1	15.94	NA	NA	NA	0	0	0	0	6	16.7284346713528	4.5	191	5.2	131	-1.481
129	S	0.859552610402079	16	enhanced	11.6	22.4	19	0.998	10	-163.7	-126	124.4	18.8811188811189	-5.3	0	1	14.36	10.598	24.605	18.591	0	0	0	0	6	15.3035931374745	-0.8	143	9.2	105	-2.305
130	L	0.280004829199602	14	intolerant	12.2	19.1	17.3	0.943	9.9	-148.2	-113.9	115.1	0	-6.8	0	1	11.97	NA	NA	NA	0	0	0	0	8	11.9822087510492	3.8	191	4.9	131	-1.352
131	Y	0.285769680499083	15	intolerant	11.8	18.9	13.5	0.696	5.4	-151.3	-80.7	124.1	14.1176470588235	-7.5	0	1	12.31	12.056	25.216	11.939	0	0	0	0	6	11.6529691576904	-1.3	255	6.2	181	-1.734
132	C	0.738539424779954	11	NA	10.6	15.4	12.5	0.666	64	78.2	-100	78.7	10.8108108108108	-4.1	0	1	12.19	NA	NA	NA	0	0	0	0	7	10.6468031569486	2.5	148	5.5	121	-1.853
133	C	0.506575906038114	19	intolerant	12.2	15.3	9	0.868	89.4	-60.7	-159.9	-175.6	1.35135135135135	-1.6	0	0	12.11	NA	NA	NA	0	0	0	0	5	10.3640198944184	2.5	148	5.5	121	-1.77
134	S	0.684472677192341	16	NA	15.5	14.7	7.3	0.599	36.7	-126.7	-80	149.4	11.1888111888112	-2.6	0	0	11.9	17.131	14.002	5.708	2	1112	0	0	6	9.0175394350571	-0.8	143	9.2	105	-2.066
135	I	0.405711289110668	18	intolerant	18.5	17	8.1	0.858	113.1	62.2	-56.8	-30.9	3.1413612565445	-1.8	0	0	12.03	NA	NA	NA	0	0	0	0	5	8.78346479622058	4.5	191	5.2	131	-1.757
136	F	0.597745074889792	12	intolerant	18.6	17.4	4.2	0.605	94.1	61.9	-75.5	-10	24.5614035087719	-0.8	0	0	14.07	NA	NA	NA	0	0	0	0	5	11.9630901757748	2.8	228	5.2	165	-0.961
137	D	0.688754669741908	5	intolerant	15.2	19	4.2	0.656	82.6	85.4	-78.5	-21	15.5080213903743	-3.9	0	0	14.84	13.2925	16.5025	4.1845	1	3	0	0	7	13.7277038803453	-3.5	187	13	133	-2.051
138	L	0.492931187454596	11	intolerant	16.3	21.9	6.4	0.791	73.5	64.5	-63.9	-35.3	0.523560209424084	-4.3	0	0	14.89	NA	NA	NA	0	0	0	0	7	14.0634406500456	3.8	191	4.9	131	-1.253
139	P	0.964177376786374	15	NA	17.7	24.2	3.7	0.702	100.9	55.3	-59	-19.3	48.7012987012987	-0.4	0	0	15.66	NA	NA	NA	0	0	0	0	5	17.1635835209606	-1.6	154	8	115	-2.411
140	R	0.887619245285976	15	NA	14.1	24.5	2.3	0.381	102.8	73	-91.2	1.3	60	-2.2	0	0	15.1	13.5265	18.9115	-0.217	0	0	0	0	5	19.0562110898041	-4.5	265	10.5	174	-2.462
141	T	0.856106864120226	17	NA	12.8	25.7	5.8	0.596	86	-119.1	-104.3	173.9	8.58895705521472	-2.6	0	0	14.59	14.055	24.795	7.654	2	3	0	0	6	18.5858332953083	-0.7	163	8.6	119	-2.655
142	N	0.93282573489208	18	enhanced	13.1	28.9	7.8	0.27	63	135.4	-103.5	40.4	78.6096256684492	-0.5	0	0	16.88	11.41	30.6015	5.8865	0	0	0	0	4	20.4717907732277	-3.5	187	11.6	132	-2.849
143	I	0.631494376958345	16	intolerant	14.9	27.1	10.6	0.795	49.1	-165.2	-59.6	-27.6	2.61780104712042	-1	0	0	15.99	NA	NA	NA	0	0	0	0	4	17.5570560591122	4.5	191	5.2	131	-1.951
144	G	0.75785908587167	12	NA	17.3	30.1	10.6	0.389	22.2	-29.3	82.4	-154.3	37.1134020618557	-0.8	0	0	16.44	NA	NA	NA	0	0	0	0	4	19.9298688407191	-9.4	97	9	75	-1.549
145	K	0.867593402689916	15	NA	20.7	30.6	12.3	0.736	46.9	-153	-112.9	151.1	46.0869565217391	-0.6	0	0	17.43	23.034	31.466	7.437	1	27	0	0	6	20.0361504923905	-3.9	230	11.3	146	-2.367
146	F	0.195769135541569	13	intolerant	22.4	29.2	15.4	0.933	18.8	-152.6	-128.9	149.8	0.43859649122807	-5.3	0	1	14.81	NA	NA	NA	0	0	0	0	8	18.7618151672993	2.8	228	5.2	165	-1.853
147	D	0.255671651489459	14	intolerant	25.2	30.3	17.8	0.757	87.2	20.1	-79.7	-30.2	35.8288770053476	-4.5	0	1	15.32	23.636	32.622	18.9755	1	83	0	0	7	20.6848095165398	-3.5	187	13	133	-1.725
148	M	0.740735428756497	16	NA	26.2	26.8	18.7	0.986	60.3	-158.5	-145.1	145.1	0	-4.8	0	1	16.02	NA	NA	NA	0	0	0	0	8	17.9333974677287	1.9	203	5.7	149	-3.753
149	I	0.34094106134368	14	intolerant	25.9	23.2	17.3	0.993	5.1	-159.2	-123.7	136	0	-5.6	0	1	13.89	NA	NA	NA	0	0	0	0	7	14.2602696394592	4.5	191	5.2	131	-1.632
150	W	0.199136763335918	16	intolerant	26.2	20	19.3	0.973	17.3	-178.3	-110	116.9	2.27272727272727	-3.7	0	1	11.94	25.774	16.211	21.877	0	0	0	0	5	12.4169422091933	-0.9	264	5.4	204	-1.487
151	D	0.00397606861583654	17	intolerant	27.1	17.2	16.9	0.926	18.3	142.6	-122.4	100.4	0	-6.3	0	1	11.15	27.825	16.5455	13.9595	2	29	0	0	5	10.088237038934	-3.5	187	13	133	-0.578
152	R	0.849601811765074	14	NA	27.4	13.7	18.4	0.989	78	1.5	-144.2	131	20	-1.2	0	0	11.4	26.175	8.6515	21.7585	2	1094	0	0	5	9.13879240128142	-4.5	265	10.5	174	-0.813
153	G	0.742959910405574	18	NA	26.3	10.6	16.7	0.821	119.6	85.8	56.6	30.3	28.8659793814433	-1	0	0	13.38	NA	NA	NA	0	0	0	0	6	6.85440132052464	-9.4	97	9	75	-1.217
154	A	0.273944352209001	19	intolerant	25.3	12.9	13.8	0.627	87.1	33.5	-121.9	-73.7	0	-3.6	0	0	12.55	NA	NA	NA	0	0	0	0	9	5.75124011995286	1.8	121	8.1	89	-0.993
155	L	0.362259044884559	18	intolerant	28.2	13.7	11.5	0.91	125.6	49.8	-49.6	-40.8	0	-0.9	0	0	11.7	NA	NA	NA	0	0	0	0	5	9.08231744600918	3.8	191	4.9	131	-1.126
156	V	0.716480984135179	17	NA	29.3	10.1	12.3	0.614	108.8	51.8	-75.2	-12.8	2.42424242424242	-4.5	0	0	11.4	NA	NA	NA	0	0	0	0	8	9.45331395519779	4.2	165	5.9	117	-1.296
157	A	0.823233870034435	18	NA	25.8	8.7	11.5	0.695	87.8	99.6	-94.3	-22.9	5.78512396694215	-2.1	0	0	11.64	NA	NA	NA	0	0	0	0	8	6.5879876365377	1.8	121	8.1	89	-0.717
158	I	0.575712323101903	15	intolerant	25.4	10.3	8.1	0.296	91	-93.5	-62.5	140.2	5.23560209424084	-2.2	0	0	14.09	NA	NA	NA	0	0	0	0	5	7.97732349789593	4.5	191	5.2	131	-1.731
159	N	0.608926571583529	17	intolerant	26.1	8.2	5	0.375	38.8	-121.2	-51.1	129.9	9.62566844919786	-2.7	0	0	13.65	23.378	6.879	4.161	1	135	0	0	6	11.115396333223	-3.5	187	11.6	132	-1.883
160	P	0.632544436321852	15	intolerant	29.8	8.8	4.1	0.86	112.3	53.3	-48.8	-41.6	5.84415584415584	-1.8	0	0	13.97	NA	NA	NA	0	0	0	0	6	14.0242730879225	-1.6	154	8	115	-1.813
161	G	1.01216513611244	18	enhanced	28.9	10.1	0.6	0.708	104.4	58.1	-62.7	-23.6	67.0103092783505	-1.5	0	0	13.54	NA	NA	NA	0	0	0	0	5	16.0661145161059	-9.4	97	9	75	-2.653
162	D	0.879128538382753	16	NA	26.5	12.6	2.2	0.469	77.7	96.8	-83.9	-5.2	31.0160427807487	-5.5	0	0	13.94	23.832	11.0165	1.8985	0	0	0	0	7	13.5833253128135	-3.5	187	13	133	-1.902
163	R	0.542785926584393	17	intolerant	29.2	14.3	4.4	0.863	81.5	48.7	-62.2	-39.9	7.16981132075472	-5	1	0	14.75	32.7945	9.242	6.5495	0	0	0	0	8	13.7625922244153	-4.5	265	10.5	174	-0.974
164	K	1.07212244671966	17	enhanced	30	17.2	2.1	0.954	113.6	46.8	-65.5	-46.5	48.2608695652174	-3.6	1	0	16.61	31.253	21.349	-0.766	1	4	1	4	6	16.8427621144701	-3.9	230	11.3	146	-2.512
165	C	1.0134958520369	16	enhanced	26.3	18	1.7	0.924	113.9	50	-59	-43.8	44.5945945945946	-3.1	1	0	14.82	NA	NA	NA	0	0	0	0	7	15.6282128103193	2.5	148	5.5	121	-3.365
166	Y	0.0793733461514754	15	intolerant	25.8	17.7	5.5	0.92	110.5	49.3	-57.3	-46.8	0	-6.1	1	0	14.1	25.642	16.782	11.934	0	0	0	0	7	12.4518906636371	-1.3	255	6.2	181	-0.705
167	A	0.683886586889869	16	NA	28.8	20	6.1	0.922	111.5	48.4	-60.3	-47.3	0	-5.5	1	0	16.65	NA	NA	NA	0	0	0	0	8	15.056951858892	1.8	121	8.1	89	-1.572
168	D	1.00821997876424	16	enhanced	27.4	22.6	3.7	0.881	110	53	-61.1	-37.2	40.1069518716578	-4.8	1	0	17.69	29.2055	22.193	1.1865	1	4	1	4	7	17.4073364682066	-3.5	187	13	133	-2.418
169	T	0.858996263821889	18	enhanced	24	22.3	5.4	0.924	107.7	51.4	-64.4	-42.7	5.52147239263804	-3.6	1	0	17.11	22.925	20.44	4.221	1	4	0	0	7	15.007223691188	-0.7	163	8.6	119	-2.582
170	M	0.201433939390269	16	intolerant	25.7	22.9	8.7	0.931	107.9	51.5	-58.2	-45.9	0	-4.6	1	0	17.64	NA	NA	NA	0	0	0	0	7	14.5025383110271	1.9	203	5.7	149	-2.004
171	F	0.959499237808061	16	NA	27.4	26.1	7.4	0.838	103.8	58.4	-59.4	-34	15.7894736842105	-3.6	1	0	19.1	NA	NA	NA	0	0	0	0	7	18.3471999153968	2.8	228	5.2	165	-3.753
172	S	NA	NA	NA	24	27.3	6.1	0.714	107	49.4	-69.5	-18.9	37.7622377622378	-2.3	1	0	20.32	22.333	25.608	5.624	1	3	0	0	6	18.8480493133203	-0.8	143	9.2	105	-2.087
173	L	0.555450676000236	14	intolerant	22.7	27.2	9.7	0.476	92.6	100.2	-97.5	-5.8	2.09424083769634	-4.9	0	0	21.74	NA	NA	NA	0	0	0	0	6	17.3068525369444	3.8	191	4.9	131	-1.612
174	L	0.661730310825777	16	intolerant	25.6	29	11.4	0.659	64.2	-134.2	-94.4	138.3	6.282722513089	-1.7	0	1	22.26	NA	NA	NA	0	0	0	0	7	19.3578914894509	3.8	191	4.9	131	-1.537
175	G	0.9389557512745	19	enhanced	25.8	32.6	12.5	0.184	41.9	-92.2	-68.2	173.3	9.27835051546392	-2.7	0	1	26.19	NA	NA	NA	0	0	0	0	8	22.7522582137784	-9.4	97	9	75	-2.433
176	K	0.913244438544032	16	NA	28.8	34.8	11.7	0.845	120.2	35.2	-59.1	-39	73.9130434782609	-0.6	0	1	27.52	24.633	35.947	11.49	0	0	0	0	3	25.8036716768809	-3.9	230	11.3	146	-2.372
177	K	0.90217318301036	17	NA	30.3	33.8	15	0.97	84.4	151.6	-116.7	135.2	67.3913043478261	-0.6	0	1	22.57	34.117	38.024	16.263	0	0	0	0	5	25.3579788269902	-3.9	230	11.3	146	-2.781
178	F	0.545328551899628	11	intolerant	29.7	30.3	16.3	0.985	42.5	-135.8	-157.2	159.2	6.14035087719298	-1.6	0	1	16.68	NA	NA	NA	0	0	0	0	7	22.0357061319926	2.8	228	5.2	165	-3.032
179	Q	0.963972902732062	10	NA	30.9	27.4	18.3	0.982	21.1	-167.8	-123.4	114.3	15.4205607476636	-4.8	0	1	13.67	31.774	28.612	22.5275	1	123	0	0	6	20.4447757098591	-3.5	214	10.5	146	-2.142
180	Y	0.182395760530197	15	intolerant	30.5	24	16.6	0.931	6.4	-160.5	-104.1	111.2	0	-7.3	0	1	13.53	28.881	19.545	12.107	1	29	0	0	7	17.1826942328371	-1.3	255	6.2	181	-2.249
181	L	0.627572949686388	14	intolerant	31.1	21.2	19.1	0.829	14.2	-174.8	-96.5	123.8	0	-6.4	0	1	13.12	NA	NA	NA	0	0	0	0	7	16.1441658251544	3.8	191	4.9	131	-1.006
182	L	0.0782782921704915	15	intolerant	31.8	18	17.3	0.976	16.1	-164.6	-133.4	125.9	0	-6.5	0	1	13.25	NA	NA	NA	0	0	0	0	6	14.2870729621727	3.8	191	4.9	131	-1.135
183	C	0.82404681894812	13	NA	32.3	14.4	18.6	0.904	15.8	175.3	-105.8	127.3	1.35135135135135	-4	0	1	14.36	NA	NA	NA	0	0	0	0	6	13.6568237758502	2.5	148	5.5	121	-2.841
184	V	0.737635511199142	12	NA	33.9	11.8	16.3	0.895	22.9	-128.1	-128.2	162	1.81818181818182	-5.6	0	1	13.55	NA	NA	NA	0	0	0	0	5	14.1291053312943	4.2	165	5.9	117	-2.27
185	L	0.853630496731438	12	NA	34.9	8.2	16.9	0.906	10.6	-152.2	-113.5	138.5	12.565445026178	-2	0	1	13.12	NA	NA	NA	0	0	0	0	5	15.3691124487659	3.8	191	4.9	131	-1.639
186	S	0.969694985198804	15	enhanced	38.3	6.6	16.1	0.941	38.2	126.4	-114.6	116.7	22.3776223776224	-6	0	1	15.79	40.687	6.951	16.068	0	0	0	0	5	18.8507617210236	-0.8	143	9.2	105	-2.481
187	Y	0.681646021856898	16	intolerant	38.4	3	15.3	0.946	68.3	-77	-157	171.2	5.49019607843137	-0.9	0	0	15.82	32.88	2.983	11.855	1	9	0	0	4	19.9585411019281	-1.3	255	6.2	181	-1.125
188	D	0.697300811716234	17	intolerant	39.7	0.7	12.5	0.653	37.7	-155.4	-81.3	112.7	40.6417112299465	-3.2	0	0	16.72	41.489	-1.3615	11.0605	1	2	0	0	5	22.1067480279642	-3.5	187	13	133	-1.495
189	P	0.779636443861483	18	NA	37.2	1.1	9.6	0.58	87.9	65.8	-71.4	-7.5	13.6363636363636	-0.3	0	0	17.14	NA	NA	NA	0	0	0	0	5	20.1412791687549	-1.6	154	8	115	-1.992
190	T	1.0605665842808	16	enhanced	38.1	-2.3	8.1	0.616	100.6	52.1	-84.1	-10.5	63.8036809815951	-0.3	0	0	19.19	40.204	-3.167	8.875	0	0	0	0	5	23.0055981173178	-0.7	163	8.6	119	-2.345
191	K	0.881138267893726	16	NA	36.7	-4	11.2	0.729	119.1	25.8	-96.9	-25.8	43.0434782608696	-2.4	0	0	20.58	41.078	-5.322	14.357	0	0	0	0	7	22.3758034738235	-3.9	230	11.3	146	-2.249
192	H	0.802853623485199	15	NA	33.2	-2.3	11.4	0.994	62.5	-153.1	-140.5	128.9	10.1851851851852	-1.1	0	0	19.8	30.1045	-1.1175	13.1965	1	3	0	0	7	18.6583805009265	-3.2	216	10.4	155	-2.791
193	P	0.966423644102463	16	enhanced	31.4	-0.9	8.3	0.526	56.8	-126.6	-80.8	-2	44.8051948051948	-0.2	0	0	19.43	NA	NA	NA	0	0	0	0	4	17.1804873253216	-1.6	154	8	115	-2.398
194	G	0.789471058635306	14	NA	29.5	1.6	10.4	0.204	56.8	-177.5	82.3	171.3	9.27835051546392	-0.7	0	0	17.5	NA	NA	NA	0	0	0	0	6	13.5871837743278	-9.4	97	9	75	-0.881
195	P	0.524055811928912	14	intolerant	27.3	3.2	11.6	0.69	105.9	45.4	-79.1	163.1	16.8831168831169	-0.4	0	0	14.72	NA	NA	NA	0	0	0	0	5	10.6856743186674	-1.6	154	8	115	-0.856
196	P	0.529064608422786	15	intolerant	28.7	5.1	13.4	0.663	102.9	-146.5	-69.7	151.5	14.9350649350649	-0.3	0	0	14.54	NA	NA	NA	0	0	0	0	6	10.3230949908486	-1.6	154	8	115	-0.711
197	F	0.614656624658479	16	intolerant	31.1	5.8	10.6	0.421	16.6	-101.3	-87.4	161.3	0	-4.9	0	0	13.77	NA	NA	NA	0	0	0	0	6	12.56190341719	2.8	228	5.2	165	-1.175
198	Y	0.849448869418058	18	enhanced	34.8	6.6	10.9	0.779	35	-178.4	-90	117.7	26.6666666666667	-0.4	0	0	13.73	41.238	7.262	11.371	0	0	0	0	3	15.636414934641	-1.3	255	6.2	181	-2.56
199	V	0.36548570468003	14	intolerant	35.5	10.3	10.4	0.911	14.3	-161.7	-116.3	93.8	1.21212121212121	-1.4	0	0	15.5	NA	NA	NA	0	0	0	0	4	15.8986059768857	4.2	165	5.9	117	-1.183
200	P	1.06257567605032	11	enhanced	39.3	10.9	10.7	0.315	33.9	-100.4	-78.5	164.3	26.6233766233766	-3	0	0	17.61	NA	NA	NA	0	0	0	0	5	19.5654700291818	-1.6	154	8	115	-1.998
201	H	1.03009897509813	17	enhanced	41	14.2	11.3	0.863	122.7	57.1	-50.4	-44.5	30.5555555555556	-3.3	1	0	17.22	42.783	17.2065	12.6815	2	39	0	0	5	21.4541205876653	-3.2	216	10.4	155	-3.142
202	A	1.03189284713457	18	enhanced	41.8	14.7	7.6	0.829	105.1	52.1	-56	-34.6	54.5454545454545	-3	1	0	17.04	NA	NA	NA	0	0	0	0	6	23.0601584637205	1.8	121	8.1	89	-2.124
203	E	0.858762321660764	17	NA	38	14.4	6.8	0.874	107.7	51.3	-70.2	-41.5	12.1495327102804	-4.2	1	0	17.59	35.412	13.1075	4.534	1	3	0	0	8	19.7259736298269	-3.5	214	12.3	147	-1.474
204	I	0.160487174331512	8	intolerant	37.2	17	9.5	0.938	111.7	48.1	-57	-45.9	0	-5.3	1	0	16.52	NA	NA	NA	0	0	0	0	8	18.8630427317327	4.5	191	5.2	131	-1.615
205	E	0.924168831723897	18	NA	39.8	19.2	7.8	0.921	110.7	51.2	-61.7	-43	47.196261682243	-5	1	0	18.17	44.0445	18.7935	9.132	1	4	0	0	8	22.4242830879443	-3.5	214	12.3	147	-2.254
206	R	0.848383801577092	15	NA	38.3	18.5	4.3	0.924	119.8	34.7	-56.7	-49.1	51.6981132075472	-2.9	1	0	20.01	34.2125	15.01	1.4945	1	3	0	0	6	22.1292792309418	-4.5	265	10.5	174	-2.366
207	L	0.645343911334695	18	intolerant	34.8	19.4	5.4	0.824	137	13.8	-78.5	-36.4	7.32984293193717	-3	1	0	18.65	NA	NA	NA	0	0	0	0	5	19.2045875014064	3.8	191	4.9	131	-1.499
208	F	0.333286923535958	19	intolerant	35.4	22.3	7.9	0.556	96.9	91.4	-120.9	-15.1	0.43859649122807	-6.4	1	0	18.5	NA	NA	NA	0	0	0	0	9	20.2359836836421	2.8	228	5.2	165	-1.492
209	G	0.837598958871548	17	enhanced	39	23.5	7.6	0.741	82.2	57.3	-62.8	-31.7	18.5567010309278	-2.6	0	0	21.14	NA	NA	NA	0	0	0	0	6	23.7990312867999	-9.4	97	9	75	-1.691
210	K	0.984561324457753	19	enhanced	38.4	26.2	5	0.854	122.7	24.6	-68.4	-33	83.9130434782609	-0.9	0	0	23.92	38.484	26.324	-0.908	0	0	0	0	5	25.7015252325809	-3.9	230	11.3	146	-2.603
211	I	1.13973609865812	18	enhanced	35.9	28.1	7.1	0.728	117.3	63.4	-101.9	-26.4	41.8848167539267	-2.7	0	0	22.12	NA	NA	NA	0	0	0	0	5	24.5829160783939	4.5	191	5.2	131	-3.097
212	C	0.668769520195398	16	NA	36.8	27	10.7	0.813	67.8	-131.7	-116	143.1	0.675675675675676	-3.5	0	1	18.23	NA	NA	NA	0	0	0	0	11	23.6646829149011	2.5	148	5.5	121	-2.246
213	N	0.953516808822854	16	NA	39.6	27.2	13.2	0.725	38.6	-143.9	-73.8	131.2	39.0374331550802	-5.3	0	1	16.72	41.2445	27.825	15.7045	0	0	0	0	6	25.658147017505	-3.5	187	11.6	132	-2.495
214	I	0.617613501166425	15	intolerant	39.9	23.5	14.4	0.934	24.3	174.2	-112.7	119.9	21.4659685863874	-1.2	0	1	14.75	NA	NA	NA	0	0	0	0	5	23.6845357911999	4.5	191	5.2	131	-1.692
215	R	1.01338814813212	18	enhanced	40.7	22.6	18	0.986	19.8	-154.1	-121.3	129.7	49.0566037735849	-6	0	1	13.9	40.055	26.539	22.887	0	0	0	0	6	24.2307407910074	-4.5	265	10.5	174	-2.614
216	C	1.00994928291394	16	enhanced	40.8	19	19.3	0.906	18.6	175.8	-100.4	106	42.5675675675676	-1	0	1	13.76	NA	NA	NA	0	0	0	0	6	23.0288218466475	2.5	148	5.5	121	-2.715
217	L	0.761290661532818	18	NA	40.1	19.4	23	0.754	58.3	16.3	-83.2	-29.1	23.0366492146597	-3.5	0	1	14.5	NA	NA	NA	0	0	0	0	6	23.6995887806498	3.8	191	4.9	131	-1.327
218	E	0.811215137992363	18	NA	39.9	15.8	24.1	0.995	44	-176	-147.4	146.6	14.4859813084112	-3.3	0	1	15.64	39.2555	16.3255	27.7105	1	167	1	167	6	22.905772579479	-3.5	214	12.3	147	-1.808
219	K	0.842229786345457	17	enhanced	40.8	12.3	23	0.883	29	165.7	-141.6	115.4	53.0434782608696	-1	0	1	17.04	44.675	8.855	19.425	0	0	0	0	5	22.7240401179234	-3.9	230	11.3	146	-2.36
220	V	0.803690078475196	14	enhanced	39.5	9.6	25.4	0.911	44.9	-95.2	-134.4	151.3	26.0606060606061	-6.2	0	1	18.16	NA	NA	NA	0	0	0	0	5	22.6157330435954	4.2	165	5.9	117	-2.191
221	D	0.871898987684647	18	NA	39	5.8	25.6	0.527	40.7	171.7	-64.6	124.3	60.9625668449198	-0.8	0	1	18.24	39.0705	2.8575	26.4285	1	2	0	0	5	22.7866420041753	-3.5	187	13	133	-1.397
222	A	0.983570367743835	18	enhanced	35.3	5.3	24.7	0.296	26.4	133.3	-116.4	4.2	16.5289256198347	-3.7	0	0	16.75	NA	NA	NA	0	0	0	0	6	19.4263883137694	1.8	121	8.1	89	-2.041
223	F	0.907557233059256	18	enhanced	35.3	1.5	24.4	0.44	28.3	174.2	-70.2	123.1	24.5614035087719	-1.4	0	0	19.2	NA	NA	NA	0	0	0	0	5	20.6423078169149	2.8	228	5.2	165	-2.268
224	E	0.92330010247188	19	NA	32.4	-0.2	26.2	0.785	47.7	-98	-121.8	166.5	43.9252336448598	-3	0	0	25.26	29.641	3.287	26.774	0	0	0	0	5	20.5087236252171	-3.5	214	12.3	147	-1.98
225	E	0.967124031470599	13	NA	31.3	-3.8	26.4	0.891	120.3	62.1	-52.6	-42.8	64.018691588785	-2.7	0	0	27.49	32.257	-7.044	27.9025	0	0	1	3	5	22.148213127373	-3.5	214	12.3	147	-1.913
226	R	1.01900957790481	18	enhanced	28.6	-3.1	23.7	0.692	89.8	70.2	-55.1	-23.1	27.1698113207547	-1.9	0	0	25.14	27.3255	2.7755	21.712	0	0	0	0	6	18.903029560198	-4.5	265	10.5	174	-1.912
227	H	0.865162393365591	19	NA	31.4	-2.3	21.2	0.702	77.7	77	-75.7	-17.8	1.85185185185185	-5.3	0	0	21.41	31.3535	1.4485	22.1475	1	3	0	0	7	18.6953897868162	-3.2	216	10.4	155	-2.452
228	K	0.942237832832057	18	enhanced	32.5	-5.9	21	0.821	83.8	67.6	-53.8	-30.7	51.7391304347826	-4.2	0	0	23.41	34.567	-8.29	26.428	0	0	1	3	8	21.8883339456742	-3.9	230	11.3	146	-1.85
229	S	1.01514460383954	17	enhanced	29.5	-6.4	18.8	0.608	93.5	57.8	-68.6	-13.3	70.6293706293706	-1.9	0	0	24.37	27.851	-4.625	19.128	1	3	0	0	6	20.0968780752609	-0.8	143	9.2	105	-2.209
230	W	0.770357089776781	16	NA	31.1	-4.2	16.1	0.481	113.9	-116.2	-90.2	-7.1	13.2575757575758	-2.6	0	0	24.32	28.44	-0.977	17.425	0	0	0	0	7	18.6511968713951	-0.9	264	5.4	204	-2.244
231	G	0.886991197657533	18	NA	34.2	-6.5	15.9	0.673	76.8	120.6	77.2	16.4	49.4845360824742	-2.4	0	0	23.76	NA	NA	NA	0	0	0	0	6	22.3381463219125	-9.4	97	9	75	-0.887
232	I	0.700758588906155	16	NA	36.5	-3.8	17.1	0.734	46.8	-165.3	-105.8	161.6	4.71204188481675	-1.6	0	0	22.5	NA	NA	NA	0	0	0	0	7	22.1431273805233	4.5	191	5.2	131	-2.175
233	D	1.06847413979347	14	enhanced	38.7	-3.9	20.2	0.374	73.7	46.4	-128.4	-0.3	60.9625668449198	-0.9	0	0	21.72	41.1785	-4.9395	18.779	0	0	0	0	3	24.4868536010855	-3.5	187	13	133	-1.889
234	C	1.07792121565812	14	enhanced	39.7	-0.2	20.6	0.994	57.4	173.1	-138.1	143.5	52.027027027027	-0.8	0	0	18.63	NA	NA	NA	0	0	0	0	4	23.4345192011716	2.5	148	5.5	121	-3.555
235	L	0.885051666267276	15	NA	37.6	2.9	20.4	0.943	4.5	-176.2	-150	128.8	0.523560209424084	-4.3	0	0	15.28	NA	NA	NA	0	0	0	0	7	20.2645592825839	3.8	191	4.9	131	-1.597
236	F	0.926344585926406	12	NA	38.5	6.5	21.1	0.929	12.4	-148.5	-121.3	148.7	30.7017543859649	-6	0	1	15.35	NA	NA	NA	0	0	0	0	8	20.243543958711	2.8	228	5.2	165	-2.726
237	E	0.638100829744173	18	NA	36.3	9.6	21.1	0.94	9.3	-161.5	-116.3	139.3	8.41121495327103	-6.3	0	1	15.23	32.277	10.7015	22.623	1	191	0	0	8	17.8101130415761	-3.5	214	12.3	147	-1.243
238	K	1.03758058000018	16	enhanced	37.5	13	20.2	0.969	6	-152.9	-119.9	138.8	18.2608695652174	-5.6	0	1	14.42	42.225	11.761	16.208	0	0	0	0	7	18.7126121593552	-3.9	230	11.3	146	-2.344
239	L	0.642718553981162	17	intolerant	35.8	16.3	21	0.945	17.3	-170.5	-111	121.1	0	-5.6	0	1	12.9	NA	NA	NA	0	0	0	0	8	18.1830940263724	3.8	191	4.9	131	-1.912
240	Y	0.175401058309863	15	intolerant	36.5	19.2	18.6	0.837	16	-152.4	-109.7	148.3	0.784313725490196	-6.5	0	1	12.61	40.475	15.445	15.118	1	39	0	0	8	19.1429217682789	-1.3	255	6.2	181	-1.502
241	L	0.950651056773776	13	NA	35.6	22.8	18.9	0.989	15.9	-170.7	-118.9	117.5	3.1413612565445	-5.5	0	1	12.96	NA	NA	NA	0	0	0	0	6	20.3715652812508	3.8	191	4.9	131	-1.65
242	L	0.221828883190252	12	intolerant	35.2	24.5	15.5	0.937	12.1	167.7	-110	129.3	0	-7.1	0	1	14.73	NA	NA	NA	0	0	0	0	8	20.6145010569367	3.8	191	4.9	131	-1.139
243	T	0.917734777613497	13	NA	34.9	28.3	15.4	0.884	43	-72.4	-135.8	167.8	15.3374233128834	-5.1	0	1	16.35	36.951	28.949	16.459	0	0	0	0	7	23.1381157245138	-0.7	163	8.6	119	-1.738
244	E	0.925387719602441	14	NA	35	31	12.8	0.283	360	360	-60.1	141.4	28.0373831775701	-1.2	0	1	20.85	33.938	33.0265	15.8185	1	66	0	0	5	25.304552217286	-3.5	214	12.3	147	-2.483
245	K	0.89182792789168	16	NA	38.4	31.7	11.3	0.287	360	360	-49.8	360	70.8695652173913	-1.9	0	0	26.04	41.265	27.71	8.932	1	36	0	0	4	28.0811942767444	-3.9	230	11.3	146	-1.202
